"","ATTX.CRPC.102","ATTX.CRPC.107","ATTX.CRPC.29","ATTX.CRPC.35","ATTX.CRPC.36","ATTX.CRPC.43","ATTX.CRPC.47","ATTX.CRPC.78","ATTX.CRPC.81","ATTX.CRPC.89","ATTX.ENZR.100","ATTX.ENZS.101","ATTX.ENZR.103","ATTX.ENZR.104","ATTX.ENZR.105","ATTX.ENZS.106","ATTX.ENZS.17","ATTX.ENZR.21","ATTX.ENZR.23","ATTX.ENZS.28","ATTX.ENZR.33","ATTX.ENZS.45","ATTX.ENZS.49","ATTX.ENZS.56","ATTX.ENZS.57","ATTX.ENZS.6","ATTX.ENZR.64","ATTX.ENZR.65","ATTX.ENZR.72","ATTX.ENZR.75","ATTX.ENZS.76","ATTX.ENZS.79","ATTX.ENZS.80","ATTX.ENZR.87","ATTX.ENZR.94","ATTX.ENZR.95","ATTX.ENZR.98","ATTX.PRE-CX.111","ATTX.PRE-CX.112","ATTX.PRE-CX.4","ATTX.PRE-CX.5","ATTX.PRE-CX.53","ATTX.PRE-CX.58","ATTX.PRE-CX.62","ATTX.PRE-CX.67","ATTX.PRE-CX.9","ATTX.POST-CX.18","ATTX.POST-CX.44","ATTX.POST-CX.48","ATTX.POST-CX.66","ATTX.POST-CX.86","ATTX.POST-CX.91","ATTX.POST-CX.92","ATTX.POST-CX.99"
"Daporinad",-5.144,-5.1817,-4.8307,-4.0805,-4.5241,-4.3192,-3.2112,-5.0859,-4.3772,-3.9998,-5.5746,-5.1467,-3.7707,-4.4606,-3.8008,-3.5846,-3.009,-3.5302,-2.8157,-2.0394,-3.61,-4.1331,-3.6734,-3.4628,-3.1058,-2.9274,-3.2042,-2.7,-3.8928,-4.3088,-2.9596,-2.8524,-3.2,-3.6149,-3.8291,-3.5532,-2.626,-4.8248,-5.2383,-5.304,-4.615,-4.9208,-3.914,-4.2445,-5.9022,-4.1965,-5.2578,-5.1401,-3.716,-5.6116,-5.1128,-3.3099,-5.14,-4.8309
"Docetaxel",-4.8817,-4.6003,-2.551,-3.5808,-3.2959,-3.7136,-2.8525,-5.3933,-4.1133,-0.8358,-5.1611,-3.1747,-2.1783,-4.7969,-1.0677,-2.3008,-0.8098,-3.5103,-2.2264,-1.7373,-3.2562,-2.6991,-0.7301,-1.2516,-1.6791,-0.3185,-1.1197,-2.1793,-3.0402,-3.0362,-1.0598,-1.873,-0.9967,-2.9271,-3.6529,-1.6212,-0.493,-3.9044,-4.3591,-3.6903,-4.1638,-3.5303,-3.1609,-3.697,-3.8182,-3.3898,-4.7868,-4.4526,-3.3109,-4.0944,-3.9644,-2.6217,-3.8512,-3.4935
"Bortezomib",-4.8759,-4.5838,-4.002,-4.5587,-4.6417,-4.3634,-4.3363,-4.5923,-4.8894,-3.5747,-5.0412,-3.627,-4.5643,-4.1535,-4.3068,-4.3951,-3.932,-4.2491,-4.1234,-4.0623,-3.834,-3.8808,-4.0202,-4.2415,-4.1854,-4.0463,-3.382,-3.6549,-4.2224,-4.1677,-3.311,-3.7041,-4.4629,-4.1329,-4.8803,-3.7539,-4.4244,-4.7601,-4.3612,-4.4598,-4.9563,-4.9782,-4.6963,-4.3112,-4.8335,-4.4502,-4.8733,-4.7926,-3.6413,-4.2741,-4.6455,-4.0187,-4.6531,-3.9277
"Sepantronium bromide",-4.7102,-4.7013,-3.2664,-4.0206,-3.9155,-2.876,-3.5214,-4.4044,-4.9074,-4.001,-4.0754,-3.7088,-2.9471,-4.3347,-3.6153,-3.9723,-3.7502,-4.3887,-3.8384,-4.0353,-4.5481,-4.9857,-4.1123,-4.6227,-4.0127,-4.1863,-3.1593,-4.379,-4.4087,-4.3389,-3.7619,-3.5856,-3.7893,-2.925,-4.9236,-3.9692,-4.0758,-4.6021,-4.647,-4.2077,-4.3969,-4.0159,-4.6029,-4.0248,-5.1051,-3.0617,-4.5094,-3.3599,-2.4861,-5.3398,-3.0004,-2.9179,-3.1273,-4.8001
"Vinblastine",-4.6227,-4.0635,-3.372,-3.4769,-3.1787,-3.4689,-2.9793,-5.4656,-4.0238,-2.6041,-5.3474,-3.5873,-1.6948,-4.3245,-1.9363,-2.9867,0.3705,-3.533,-0.9743,-1.4218,-3.5637,-2.6031,-0.7511,-1.671,-1.9354,-1.6658,-1.8101,-2.2861,-3.4616,-3.223,-1.2694,-2.6008,-1.2304,-2.7701,-3.6233,-2.3768,-0.5581,-3.8547,-4.189,-4.0982,-4.034,-3.6775,-2.787,-3.657,-3.491,-2.9807,-4.7922,-4.2176,-3.1758,-4.6644,-4.1559,-2.011,-4.1489,-3.8059
"Dactinomycin",-4.5952,-4.197,-2.9471,-3.1939,-3.5599,-3.3771,-2.7314,-4.3335,-4.1282,-2.3534,-4.6526,-2.4249,-2.5686,-4.429,-2.4676,-3.0978,-1.9703,-3.0686,-2.6383,-2.005,-3.6419,-2.9348,-2.1537,-2.586,-2.3097,-2.0062,-2.0852,-2.7885,-2.661,-2.9837,-2.4994,-2.3746,-2.4447,-3.0247,-3.6769,-2.3252,-2.4377,-3.4426,-4.0247,-3.7553,-4.0022,-3.8979,-3.242,-3.4229,-3.6568,-3.4117,-4.3901,-4.1898,-3.1421,-4.4282,-3.7541,-2.7037,-3.5977,-2.7373
"Paclitaxel",-4.3449,-3.91,-0.9295,-3.0212,-1.8934,-3.211,-2.2596,-4.3517,-3.4471,0.2566,-4.2755,-1.3163,-1.1759,-3.9843,0.3035,-0.8512,0.3267,-2.5811,-1.2564,-0.3583,-2.1227,-1.3537,0.4323,0.3396,-0.2371,0.5245,-0.2008,-0.4338,-2.2589,-2.3337,-0.0851,-0.1942,0.369,-2.4826,-2.9919,-0.1031,0.5823,-3.6238,-3.4923,-2.8204,-3.4042,-1.9,-2.6726,-3.0848,-3.2452,-2.9831,-4.1597,-3.591,-3.0877,-2.8362,-2.854,-2.062,-2.7837,-1.9824
"Vinorelbine",-4.2055,-3.7028,-2.9098,-3.0673,-2.8991,-3.1552,-2.4693,-5.1225,-3.5989,-2.1442,-4.9811,-3.227,-1.1552,-4.0303,-1.4407,-2.6454,0.7842,-3.2139,-0.5763,-0.9055,-3.2456,-2.151,-0.2224,-1.3354,-1.5272,-1.1147,-1.4152,-1.8778,-3.1354,-2.8706,-0.769,-2.1285,-0.9094,-2.3395,-3.3044,-1.971,-0.1134,-3.4039,-3.811,-3.7074,-3.6325,-3.3491,-2.2641,-3.3049,-3.1181,-2.5305,-4.4643,-3.8656,-2.7926,-4.3023,-3.8158,-1.6753,-3.7786,-3.4898
"Camptothecin",-3.4814,-2.9642,-1.9131,-2.5928,-3.7716,-1.0341,-1.8682,-3.5739,-3.2639,-2.2087,-3.3048,-1.8085,-0.5346,-4.2632,-1.4582,-2.5038,-0.4965,-1.8846,-2.2339,-1.1367,-3.4261,-2.5362,-1.3275,-1.6289,-2.0651,-1.1521,-1.9209,-2.2821,-1.2436,-1.7026,-2.3862,-1.3521,-0.6499,-2.1492,-2.2796,-1.983,-1.4622,-1.6348,-2.7729,-2.4064,-2.6273,-2.5289,-1.7499,-2.1107,-2.092,-1.7644,-2.6069,-3.0873,-1.864,-3.7126,-3.6902,-2.2144,-3.0802,-2.4489
"Vincristine",-3.4473,-2.9284,-1.9423,-2.1599,-2.1037,-2.3486,-1.2301,-4.3442,-2.8267,-0.7509,-4.2039,-2.4,0.4213,-3.3899,-0.1138,-1.6027,1.8943,-2.0927,0.6936,0.5095,-2.2225,-0.9847,1.1667,-0.1576,-0.521,0.3372,-0.3099,-0.6822,-2.2612,-2.0165,0.4601,-0.9772,0.2852,-1.1998,-2.4535,-0.588,1.0848,-2.5473,-3.0718,-2.9402,-2.912,-2.6142,-0.9989,-2.4757,-2.3662,-1.5384,-3.7454,-3.1189,-1.7023,-3.5001,-3.1228,-0.4726,-2.97,-2.5678
"Staurosporine",-3.2124,-2.7713,-2.3086,-3.2781,-3.9705,-2.5817,-3.6508,-3.88,-2.9742,-1.7903,-3.9572,-1.3743,-3.4571,-4.8454,-2.8535,-2.6636,-1.4029,-2.485,-1.9234,-2.348,-2.4609,-2.3314,-2.219,-2.3607,-2.5708,-3.0495,-2.3448,-2.6037,-3.0633,-2.9149,-2.39,-2.2615,-3.2784,-2.6915,-3.3968,-2.275,-2.7023,-4.1311,-3.8907,-3.3876,-3.6917,-2.9146,-2.9653,-2.6352,-2.7949,-3.2172,-3.5356,-3.2207,-2.3901,-2.7024,-3.6082,-2.3983,-3.3284,-3.1275
"Dinaciclib",-3.1842,-2.9637,-2.3523,-1.7616,-2.4241,-2.526,-2.1038,-3.2482,-3.0955,-0.9037,-3.273,-2.1995,-2.191,-3.2928,-1.9636,-1.9525,-1.7569,-2.9649,-2.5555,-2.5514,-3.0892,-2.5342,-1.5224,-2.5148,-2.6246,-1.7943,-2.1874,-2.6602,-2.2393,-2.637,-2.0105,-1.969,-2.2994,-2.9436,-3.0777,-2.1172,-1.9987,-2.2861,-3.2161,-3.0413,-3.0415,-3.0415,-2.0331,-2.6307,-2.8395,-2.7233,-2.9845,-2.761,-2.7117,-2.7856,-2.8536,-2.4397,-2.1831,-1.9274
"Luminespib",-3.1562,-3.0005,-1.2391,-1.3418,-2.3304,-2.5993,-0.7794,-2.8338,-2.6817,-0.1611,-3.4026,-1.669,-2.0932,-2.9192,-1.6739,-0.7654,-1.2283,-2.0155,-2.408,-0.8102,-2.8833,-1.2977,-1.3847,-1.7405,-0.6655,-1.0598,-2.091,-1.6977,-2.3313,-1.5499,-2.2284,-0.5987,-1.7834,-2.5422,-2.4604,-0.7259,-1.5773,-1.9571,-2.3971,-2.5043,-2.7143,-2.2596,-1.4338,-1.5285,-2.8336,-1.9194,-2.9919,-2.7803,-2.6173,-2.7509,-2.4121,-2.4533,-1.5961,-1.1975
"Dactolisib",-2.9463,-2.2859,-0.3863,-2.0731,-1.6137,-2.2243,-1.8212,-2.326,-3.0048,0.2944,-2.854,0.086,-1.2869,-2.2265,0.0774,-0.257,-0.0294,-1.8051,-0.474,-0.0842,-1.5196,-0.9991,0.0752,0.2012,-0.5205,0.367,0.3224,-0.6451,-1.5047,-1.8752,-0.1228,0.2992,-0.5856,-1.1302,-2.2625,-0.8141,-0.8101,-2.6681,-2.3335,-2.1312,-2.9189,-2.8469,-2.6009,-1.9936,-1.9511,-2.1726,-2.7681,-2.3956,-1.7362,-1.8371,-1.825,-1.1936,-1.0748,0.0719
"Gemcitabine",-2.9228,-2.6212,0.0656,-2.4492,-4.3815,-0.3009,0.402,-3.5348,-2.0416,-0.1045,-3.3495,-0.2569,1.1992,-4.8562,0.6901,-1.9306,2.7692,0.2253,0.1096,2.3991,-2.4123,-0.5154,0.9446,1.1233,-0.0516,-0.1697,0.0858,0.5361,-0.5427,-0.9802,-1.2711,0.3742,1.6059,0.9737,-0.9085,-0.4721,1.1271,-1.4347,-1.6268,-2.3522,-1.9085,-1.7928,0.4331,0.1406,-1.7491,0.3293,-2.6703,-2.9939,0.3226,-3.1499,-3.2693,0.0662,-2.5667,0.0258
"Rapamycin",-2.2658,-2.2181,-1.5508,-2.1044,-2.5044,-2.4224,-1.7184,-2.5952,-2.6945,-0.5824,-3.1633,-0.974,-1.0718,-3.0357,-1.0932,-3.475,-0.5189,-3.1619,-1.3147,-0.9758,-3.5824,-0.64,-0.7507,-2.1071,-1.3402,-0.8221,-1.1682,-1.5804,-1.6051,-1.3464,-0.6181,-1.897,-1.348,-2.181,-1.2882,-1.447,-1.4396,-1.4912,-2.1595,-1.5068,-2.3361,-2.6932,-1.9975,-1.4133,-1.4442,-1.1913,-2.6198,-1.657,-1.9705,-1.6421,-2.0514,-2.0342,-1.5287,-0.3538
"Epirubicin",-2.1964,-1.6538,-0.1065,-0.8857,-1.995,-0.271,-0.1424,-1.7765,-1.6192,-0.1144,-2.0461,-0.1431,0.3879,-2.7609,-0.1889,-0.6463,0.9109,-0.4855,-0.3569,0.0148,-1.4029,-0.4463,-0.3272,0.0204,-0.1466,-0.3032,-0.2095,-0.6953,-0.3354,-0.6821,-0.738,-0.4696,-0.176,-0.4221,-0.6853,-0.5642,-0.2375,-1.0607,-1.1993,-0.9193,-1.4063,-1.2636,-0.5055,-0.6359,-1.2797,-0.3939,-1.8981,-1.571,-0.5173,-1.7982,-1.6987,-0.2694,-1.3793,-0.6763
"MG-132",-1.6744,-1.5101,-1.3176,-1.6452,-1.6125,-1.4324,-1.4235,-1.459,-1.7725,-0.7941,-2.1442,-0.9518,-1.2796,-1.6504,-1.2594,-1.643,-1.1402,-1.2297,-1.5174,-1.1968,-1.0977,-0.8751,-1.2121,-1.1516,-1.2953,-1.1346,-0.9609,-1.1661,-0.8414,-0.8906,-0.8357,-1.1088,-1.4815,-1.4172,-1.3993,-1.1164,-1.2408,-1.5715,-1.4334,-1.3877,-1.7689,-1.6081,-1.5491,-1.2369,-1.4381,-1.3162,-1.6601,-1.5606,-1.072,-1.2188,-1.5537,-1.3871,-1.4456,-0.9392
"Podophyllotoxin bromide",-1.176,-1.0851,-0.4808,-0.3593,-1.2012,-0.5871,-0.0651,-1.7897,-0.8468,0.1519,-1.808,-1.1334,1.3351,-1.7039,0.1698,-0.6512,1.6995,-1.2129,0.7006,0.1389,-0.9557,-0.1944,1.1419,0.1666,-0.1999,0.8616,-0.1704,-0.1835,-0.9586,-0.652,0.345,-0.1996,0.5684,-0.2681,-1.1347,-0.0662,0.6973,-0.6861,-1.4508,-1.1024,-0.9109,-1.2451,0.3114,-0.5679,-0.6846,-0.2146,-1.3714,-1.1252,-0.6437,-1.2188,-1.3606,0.0629,-1.0118,-0.684
"Topotecan",-1.1588,-0.3916,1.2205,0.3787,-1.4686,1.3631,1.0547,-1.3117,-1.0341,0.8877,-0.5649,0.7381,1.5452,-2.1356,1.2336,-0.1877,2.0122,0.8571,0.2743,1.2391,-1.3135,0.6299,1.3029,0.7749,0.3539,1.2318,0.4075,0.1541,1.1662,0.7781,0.401,1.3795,1.4568,0.1295,0.0695,0.5698,0.8607,0.6003,-0.3301,0.4899,0.0862,-0.4426,0.8769,0.2551,0.3741,0.8316,0.1191,-0.7505,0.1431,-1.3186,-0.9381,0.1847,-0.4216,0.6453
"Sabutoclax",-1.0404,-0.7159,0.3832,0.3143,-0.7718,-0.2687,0.2232,-1.3176,-0.406,0.1628,-1.5754,-0.1327,0.7389,-1.5466,0.3587,-0.1854,0.7455,-0.2167,0.5148,0.2033,-0.6017,0.3037,0.3146,0.5053,0.2432,0.2505,-0.0293,-0.3528,0.1464,-0.0264,-0.2622,0.1238,0.4821,0.093,-0.2389,0.2376,0.4313,-0.5238,-0.7119,-0.1841,-0.169,-0.6149,0.3286,-0.137,-0.4582,0.0638,-1.261,-0.7146,-0.1441,-0.8372,-0.5747,0.0184,-0.7078,0.0735
"Mitoxantrone",-0.8274,0.3969,1.9665,1.8866,0.0523,1.4549,1.9631,-0.8168,0.0179,1.812,-0.6212,1.5667,1.665,-2.27,0.3791,1.2808,3.5824,1.1189,2.7025,3.3588,0.083,0.2272,1.8113,1.2688,0.5314,2.6852,1.4622,0.222,0.9713,0.8987,0.2395,2.2907,1.1011,0.7002,1.2875,0.6779,1.604,0.8129,0.0147,0.028,0.2263,-0.3485,1.9412,1.3472,0.3737,1.255,0.836,-0.0754,0.7601,-0.7775,-0.8284,1.3183,0.5148,1.6811
"AZD7762",-0.808,-0.0427,0.9207,-0.1197,-0.3601,0.5489,0.3132,-0.7364,-0.662,1.6088,-1.0678,1.2723,0.0688,-0.8456,0.959,1.3648,1.7438,0.6332,1.2079,1.382,1.1449,0.4635,0.948,0.7508,1.1816,1.0395,1.3369,1.3235,0.3283,0.0017,1.0181,1.6551,1.1364,-0.0527,-0.1403,1.1819,1.105,-0.6643,-0.2039,-1.0472,-1.0426,-0.1323,0.3866,0.5174,-1.4799,0.0144,-1.4503,-1.2115,-0.0632,-0.5428,-1.3146,0.5114,-0.4679,0.1757
"AZD5153",-0.5284,1.4697,1.5369,2.6228,0.9355,0.8686,2.5239,-0.159,-0.0263,2.3672,-0.4531,2.2085,1.9855,0.7514,0.7905,2.593,3.1665,2.323,2.1408,2.8012,1.8185,1.853,2.5906,1.1963,1.7534,2.7844,1.2937,1.9396,1.873,1.2539,1.6256,2.8237,0.9813,1.3744,1.1686,0.9896,2.0369,2.1971,0.304,0.2208,0.0615,0.2638,2.6952,1.2582,0.6224,2.2386,0.7299,0.6148,1.1048,1.6217,0.2975,1.3301,1.5729,1.9771
"Teniposide",-0.454,-0.0362,0.817,1.3608,-0.4438,1.3273,2.0726,-1.225,0.1721,1.5385,-1.0696,0.155,2.4267,-1.7623,1.4603,0.6939,2.4021,0.2072,1.354,1.8711,0.1423,1.1366,1.8112,1.3315,1.0099,1.882,0.9708,0.7461,0.5982,0.5137,1.0802,1.7198,1.6926,0.8169,0.0138,1.1576,1.5152,0.8705,-0.2791,0.2919,0.2758,-0.4284,1.5915,0.6606,0.5993,1.2864,-0.1048,-0.4606,0.3161,-0.448,-0.5761,1.1442,-0.0844,0.3955
"Pevonedistat",-0.4205,0.1495,1.9525,0.7394,-0.9323,0.7225,1.5285,-0.7836,3e-04,2.0569,-0.1821,1.408,1.2891,-1.6724,2.8286,0.3581,2.4243,1.9257,1.4698,2.1594,-0.3026,0.8665,1.5348,2.2971,2.4644,2.2084,2.2631,1.8986,1.9129,0.9431,1.5103,1.7278,2.6429,0.4444,0.3673,1.6246,1.5916,1.1815,0.1746,0.2686,-0.1837,0.7636,1.3663,1.586,0.1853,0.7777,-0.312,-0.3677,0.555,-0.0981,-0.3459,0.9252,-0.0481,1.1552
"PD0325901",-0.3187,1.5099,1.3946,0.7343,-0.0446,1.0766,1.0016,0.4428,-0.1385,2.2378,-0.3711,1.8528,0.0479,-0.1549,0.1728,2.1689,1.7679,0.5129,0.2843,1.0057,0.228,2.353,0.9672,1.7,0.9263,2.2794,1.7091,0.7399,1.5119,0.6136,1.6198,2.3414,0.6235,0.3094,0.4916,1.0504,1.5759,0.3859,0.7475,-0.7457,-0.3986,0.3831,0.6864,0.9292,-0.3282,0.2144,-0.8062,-0.407,-0.3121,-1.4141,-0.9736,0.0531,-1.0924,-0.2688
"Telomerase Inhibitor IX",-0.3156,-0.0491,1.2592,0.8314,0.0976,0.5411,1.0145,0.4009,-0.0289,2.0202,-0.088,0.8512,1.0914,-0.0827,1.4971,1.0866,2.3103,1.1881,1.1146,1.3695,0.9137,1.3303,1.9205,1.6253,1.9227,1.5264,1.42,1.439,0.6778,1.1588,1.0586,1.8439,1.667,0.5598,1.5064,1.5636,1.6909,0.1804,0.1523,0.2856,-0.1007,0.7971,0.7069,1.0716,-0.0084,0.7778,-0.2211,0.1423,0.6088,0.6529,0.1387,0.799,0.2223,0.8078
"Alisertib",-0.1709,0.9584,1.6395,1.9725,1.2759,1.1325,2.4964,-0.9849,1.6285,3.4406,-0.7148,2.1199,2.2777,-1.7269,3.0771,2.6575,3.8154,1.7652,1.8526,2.1293,2.3924,2.231,3.2545,2.9088,2.3761,3.7084,2.5111,1.8863,2.3519,1.5454,2.2856,3.6759,2.9092,1.7239,2.1037,2.2264,3.1049,2.5446,2.3479,0.9003,1.9398,2.5336,2.8398,2.5224,2.0733,2.1411,0.7792,-0.4473,1.0757,0.6412,-0.143,1.2737,1.8219,1.8307
"GNE-317",-0.149,0.6283,1.3114,1.0731,0.6409,-0.0095,0.96,0.065,-0.1732,1.8441,-0.3514,2.2519,0.3775,-0.3226,0.7822,1.5448,1.2748,0.1604,0.9713,1.1286,0.3118,0.2184,1.1703,0.7804,0.6536,1.1176,1.7248,0.8128,0.0692,1.2289,0.9285,1.3967,0.4302,0.4726,-0.3535,0.5969,0.2061,0.7565,0.1966,-0.0399,-0.2487,0.1441,0.617,0.6,0.6958,1.2009,0.4578,-0.2597,0.4217,0.8456,0.1809,0.3487,1.0875,1.635
"Cytarabine",-0.1016,1.0813,2.3807,1.7189,-2.4955,2.5185,2.7942,-1.1833,0.5448,3.277,-1.0803,2.8819,2.7996,-3.0197,2.3475,1.9102,3.7671,2.2532,2.6289,3.3979,0.9623,2.7726,3.0849,2.8554,2.473,3.3227,2.3775,2.7425,2.7704,2.5521,1.9674,3.083,2.9985,2.2345,1.8578,2.1974,2.7364,1.9544,1.4548,0.9664,1.1419,1.5967,2.3608,2.5887,1.8916,2.4003,0.4767,-0.24,2.1278,-0.4932,-1.3619,2.3144,0.5259,2.719
"MK-1775",0.0037,0.1353,0.557,0.1051,-0.0071,0.6822,0.485,-0.7398,0.5918,1.4825,-0.475,1.8784,1.1495,-0.7481,1.3352,0.8655,2.2303,0.9625,1.7375,1.9272,0.9842,1.0146,1.7658,1.6091,1.2878,1.2947,1.178,1.262,0.7857,0.6209,1.0511,2.0194,1.723,0.3788,0.549,1.2541,1.2316,-0.1403,0.3085,-0.4046,0.1709,0.1085,0.7729,0.6424,-0.0114,0.6862,-0.6589,-0.782,-0.024,-0.2556,-0.606,0.5049,0.1828,0.0342
"Foretinib",0.1117,0.7963,0.6921,0.9288,0.2354,0.7382,0.9484,-0.5474,0.7244,1.5577,-0.0968,0.9064,0.8319,-0.9112,1.2999,1.3443,2.237,1.0058,1.1162,1.0723,0.9982,1.1336,1.213,1.4356,0.8572,1.9037,1.3089,1.3317,1.1398,1.1333,1.5349,1.5882,1.2316,1.0314,1.334,1.0753,1.5261,1.1072,1.1761,0.8891,1.0121,1.2498,1.4382,1.3877,1.3298,1.2567,-0.4551,-0.3601,0.5576,-0.0928,-0.068,0.5346,0.2114,1.1202
"Trametinib",0.3343,2.3815,1.6838,0.4499,-1.3494,1.2017,0.4299,0.1645,-0.4519,2.3755,-1.2171,1.2989,-1.19,-1.0665,-1.3452,2.2418,1.2065,0.4569,-0.1427,0.1681,0.1698,2.7378,0.1903,1.313,0.0171,1.5686,1.518,0.9923,0.9219,0.9544,1.3488,1.8358,-0.1817,0.395,0.2318,-0.107,0.2647,0.4506,1.9781,-0.7378,0.4749,0.8512,0.744,1.4855,-0.0309,0.2874,-1.595,-0.6757,-0.62,-2.3436,-2.1667,-0.5756,-2.3621,-0.6002
"Vorinostat",0.5635,0.4423,1.6355,1.587,0.7349,0.9535,2.1401,0.9131,0.6817,1.8666,1.0099,1.6174,2.3047,0.6624,1.576,2.1799,2.3218,1.8376,2.004,1.6122,1.0202,1.9034,2.235,2.0553,1.8096,2.6612,1.9564,1.8615,1.9308,1.5991,1.308,2.3808,2.324,1.4404,2.0687,2.0317,1.7454,1.5729,1.409,1.4945,1.1734,1.2814,1.6823,1.1533,1.5324,1.8045,0.8216,0.6877,1.2562,1.2795,0.806,1.4588,1.004,1.5736
"Obatoclax Mesylate",0.5818,0.9943,1.2772,1.4198,0.4767,1.415,1.4268,0.6097,1.0772,1.271,0.4265,1.5653,1.6556,-0.0242,1.7247,1.3118,2.2095,1.7898,1.6608,1.643,1.5696,1.2302,2.2508,1.7894,2.1156,1.5256,1.1583,1.7025,1.7964,1.12,0.8587,1.7302,1.771,1.2939,0.7761,1.4408,1.6838,1.2572,1.0809,0.8654,1.1865,1.2336,1.4984,1.2737,1.2235,1.4449,0.9046,0.7026,1.1087,1.2492,0.4463,1.2561,0.9549,1.0129
"Buparlisib",0.5941,0.7113,0.8496,0.725,0.6232,0.7357,0.9381,0.3281,0.7229,1.3515,0.5038,1.3854,1.0477,0.0448,1.1534,1.1899,1.7098,0.7003,1.3619,1.2556,0.7675,1.3552,1.5962,1.3203,1.1555,1.1278,1.3649,1.2466,0.9798,1.198,1.5191,1.5399,1.4075,0.9877,0.7572,1.067,1.2755,0.8952,0.8861,0.6035,0.5368,0.7425,1.0005,1.1034,0.8838,1.0689,0.2618,0.0711,0.8906,0.8328,0.2384,0.9494,0.5566,0.8858
"Entinostat",0.7288,1.0227,2.9307,2.7159,1.419,1.2828,2.9668,1.2692,0.9787,2.556,2.0056,2.7086,3.5777,0.9294,2.3325,3.0333,3.3001,2.7892,3.058,2.1434,1.286,3.2704,3.529,2.2698,1.6146,3.8348,2.1045,2.085,3.718,2.7339,1.4739,3.086,3.1163,2.158,3.1469,3.6597,2.0619,2.5449,2.2892,2.247,2.0231,2.5563,2.8513,1.9213,2.2845,2.1921,1.5615,0.7967,2.1283,1.8088,1.1669,2.4485,2.0426,2.8437
"AZ960",0.7419,1.3377,2.0116,1.9226,1.5363,1.5082,2.1389,1.0639,1.8735,3.253,0.9951,2.4162,1.8559,0.217,2.1663,2.9779,3.2389,1.4093,1.8319,2.1514,1.6481,1.9201,3.2661,2.2854,2.8189,2.4946,1.921,2.1985,1.9924,1.7359,1.5552,3.0623,2.299,1.5166,1.7255,2.4539,2.5637,2.0006,1.6325,1.407,2.1729,2.3852,2.5356,2.7183,1.4897,1.3967,0.7686,1.1773,1.3727,1.7132,0.7009,1.6382,1.7406,1.9649
"YK-4-279",0.9893,1.0816,2.3431,2.0142,2.3915,1.9321,2.8486,0.7816,1.1569,3.8735,0.77,2.1352,2.9255,0.4047,3.9542,2.6454,4.2307,2.3029,3.3073,4.2006,2.053,3.9005,4.019,3.9874,3.6977,4.0558,3.6989,2.9911,1.8707,2.4043,4.3457,3.9602,3.8425,2.1879,2.084,3.7326,3.8519,1.7501,1.1494,1.1409,1.1266,1.469,2.6945,1.8169,1.5856,2.5569,0.5027,0.715,2.0016,1.0761,0.8166,2.5776,1.5,1.8954
"Pictilisib",1.0892,1.7219,1.0457,2.0754,1.0358,0.7848,2.0013,0.8805,1.5754,2.0351,0.8582,2.1315,0.7942,0.2552,0.8356,2.5726,1.6547,0.8416,1.331,1.1936,1.1519,0.9861,1.7502,1.1261,1.2016,1.3657,1.204,1.0603,0.7832,1.7881,1.5685,1.5945,0.6829,1.019,0.7782,1.0932,1.0609,2.3027,1.3715,1.0812,0.9913,0.8504,2.2562,1.312,1.6269,2.3379,1.0599,0.2386,1.027,1.924,0.8238,0.8119,1.596,2.1191
"AZD6738",1.116,1.8487,3.4812,1.6028,1.4515,2.4692,1.8695,0.7945,0.9627,3.9779,0.8511,3.4517,1.7113,0.2486,3.0149,2.7707,3.3727,2.6394,2.4715,2.7343,2.4141,2.8296,3.2647,3.4659,3.5927,2.7366,3.8911,3.6788,1.8174,2.3152,3.1596,3.9524,3.4768,2.1246,1.2787,3.7282,2.9333,1.3904,1.7428,1.3562,1.1298,1.7963,1.9091,2.7721,1.3189,1.6486,0.821,0.5884,1.925,1.4656,0.5411,2.2148,1.5457,1.89
"VE-822",1.1445,1.8485,4.2974,3.1222,3.2846,2.6653,3.487,2.0356,1.5507,4.2631,2.6614,4.9688,2.9647,1.2957,4.1617,4.5092,4.651,4.1098,3.771,4.325,3.1501,3.1943,4.5582,4.2246,4.3089,4.6629,4.0209,4.4835,3.7706,2.4901,3.3428,4.9012,4.58,3.1049,2.3943,4.5338,4.1338,2.3692,2.2283,1.1473,1.7998,3.4554,3.0525,2.8362,1.3668,2.0038,1.6804,0.7553,2.1625,2.3399,1.6093,3.538,2.5984,3.9576
"Wee1 Inhibitor",1.1496,1.1638,2.487,1.734,1.2401,1.2263,2.0779,0.6271,1.6644,2.3727,1.0621,3.0034,2.5575,0.4868,3.4388,2.4373,3.6316,2.7973,2.8325,3.3574,2.0502,2.2588,3.5833,3.4248,3.6088,3.324,2.4149,2.8683,1.7363,2.6602,1.957,3.8052,3.982,1.5706,2.1135,3.3695,2.8769,1.4613,1.2607,1.5165,1.3249,1.5784,2.1668,1.9136,1.2583,2.1476,0.8332,0.9289,0.7837,1.5401,1.6451,1.7819,2.2375,2.3508
"AZD5438",1.1787,1.411,2.4438,2.3181,2.2016,2.2752,2.3072,1.3368,1.2678,4.0527,1.4608,3.0129,2.5263,0.9214,2.6272,2.3833,3.5078,1.992,2.4414,2.9988,1.6714,3.1188,3.4925,2.4372,3.0736,3.0953,2.4458,2.7471,2.1034,1.9903,3.1586,3.3129,3.4991,1.6826,1.77,2.7441,2.7332,2.344,1.6171,1.3708,1.4522,2.0387,2.1398,2.5614,2.026,1.88,1.2111,1.4009,1.7265,2.0506,1.7035,1.9559,2.1763,2.767
"Irinotecan",1.246,1.6117,3.3152,2.537,1.1861,3.0167,3.2797,0.8827,1.0529,3.4012,1.9026,3.2388,4.4063,0.4975,4.2286,2.6854,4.4505,3.5638,2.9642,4.0144,1.317,3.7757,3.6278,3.4934,3.5047,4.1406,3.3634,2.912,3.666,3.9842,3.3296,4.2742,4.2315,2.8483,2.7271,3.5275,3.6652,3.3336,2.2246,2.5542,2.1638,2.3365,3.19,2.835,2.6972,3.0544,1.9177,1.2107,2.6663,1.5265,1.1439,3.19,1.6937,2.5195
"OTX015",1.2624,2.0047,1.732,2.2876,1.1767,1.7664,2.6542,0.3258,2.0847,2.6429,1.0344,3.3532,3.0552,0.7226,1.8654,2.8217,4.1935,3.2369,3.1578,2.7107,2.0947,1.8601,2.9142,1.7718,1.867,3.5357,1.838,2.5761,3.7446,1.8104,2.5187,3.1861,1.3049,2.6106,2.7796,1.7569,2.9067,2.4364,2.0814,1.2021,2.1942,1.5411,2.8499,2.2542,2.211,2.3108,1.026,1.79,1.2896,3.2997,0.571,1.9443,2.4162,2.5516
"Dihydrorotenone",1.3216,1.2367,0.407,1.6533,1.2558,1.0054,1.7274,0.0827,1.0628,0.1807,1.1492,-0.497,0.7528,1.1302,0.8277,-0.7272,-0.0524,1.416,1.1345,0.4357,0.401,0.1264,1.5948,1.6752,1.6212,0.3937,1.4956,1.1349,1.1076,0.4028,1.4132,0.0342,1.0012,0.3828,1.5914,0.9768,1.121,1.3084,0.3552,0.9412,1.0114,-0.025,1.8932,0.592,0.5041,1.8259,1.0026,0.9391,0.7978,-0.1876,0.9503,0.6839,0.3697,0.0472
"Afuresertib",1.345,1.99,2.5023,2.0068,1.836,1.4534,2.5123,1.8363,1.8137,2.938,1.7974,2.8403,2.1095,1.0805,2.6517,2.7133,3.2903,2.6876,2.8793,2.4501,2.2265,2.4123,3.3438,2.4479,2.6735,2.8802,2.1355,2.7849,1.9862,2.3556,3.4448,2.4857,2.371,2.2455,2.1032,2.7133,2.7053,2.7182,1.9266,2.5939,2.0784,1.6144,2.7122,2.3691,2.6453,2.9352,1.7684,2.3994,2.2117,3.258,2.6757,2.3216,2.5755,4.0305
"Navitoclax",1.4066,0.8172,0.6875,1.0882,0.9384,1.027,1.5947,0.9122,1.3242,1.507,1.3347,2.2452,1.9373,0.8037,2.4202,1.1403,1.8306,1.7747,2.1941,2.1631,-0.2293,2.6499,2.3744,2.432,1.8968,2.4135,1.8231,2.5479,2.2595,2.6494,2.3222,1.9652,2.6765,1.4378,1.9571,2.4679,2.1531,2.5314,1.9429,1.9539,1.7275,1.0396,2.1207,1.547,3.3927,1.8575,0.6723,0.6329,1.3734,1.6447,0.85,1.1387,0.4983,1.4003
"NVP-ADW742",1.4574,1.4578,2.9223,2.2978,1.6862,1.8714,2.9413,1.4417,2.181,3.1239,1.7684,3.5673,2.9193,0.7031,3.8158,3.8136,4.6643,3.3467,3.3062,2.7572,2.8164,2.4341,4.5092,3.7294,3.7205,4.1905,3.6035,3.9014,3.0856,2.745,2.8281,4.1515,3.5775,2.5711,3.1334,3.8874,3.6965,3.0534,2.3612,2.1422,2.0334,2.4772,2.6577,2.3625,2.7034,2.4264,1.4539,1.7239,2.0315,2.4192,1.7817,2.6294,2.4921,2.9895
"Crizotinib",1.4674,2.4936,4.0741,2.6328,2.9347,2.6732,3.5996,1.0658,1.7932,4.1768,1.6034,4.2649,3.3189,1.2203,4.1495,3.641,4.3631,3.6891,3.3048,4.2052,2.8396,3.2997,4.3089,3.7692,3.9074,4.8708,3.833,3.3986,3.6994,2.7857,4.2423,4.2924,4.104,2.7775,2.9693,3.7239,4.0402,3.1986,2.7829,2.2962,2.1,2.9446,3.463,3.1652,3.0664,3.1008,2.496,1.6656,2.8755,2.0178,1.607,2.9402,2.6222,3.4308
"AZD5582",1.5573,1.5476,2.6804,2.5763,2.0534,1.7037,3.29,1.4633,1.0358,3.8169,1.2999,3.5585,4.1743,0.4073,3.8039,1.7863,4.0493,1.8344,2.4055,2.8922,1.4822,2.9125,3.6791,0.8474,1.5233,4.027,1.3081,1.5295,3.1419,2.2644,2.8156,3.6504,3.2154,2.2892,1.9709,3.7208,2.6476,2.0693,1.7845,2.0949,1.2385,2.32,2.4342,3.0083,2.2682,2.4416,1.0447,1.3328,1.5331,3.1468,2.5056,2.7927,2.3057,2.6051
"Venetoclax",1.5827,1.7969,1.8117,1.6741,1.5654,2.0496,2.24,1.463,2.1422,2.0814,1.6452,2.4424,2.4245,1.4937,2.4912,1.9872,2.7943,2.4307,2.5185,2.4849,1.5139,2.7546,2.6734,2.3467,2.2215,2.6446,2.3394,2.559,2.4067,2.4093,2.7865,2.341,2.5287,2.2601,2.1162,2.7209,2.418,2.5907,2.3443,2.3076,2.2822,2.1897,2.2959,2.6754,2.762,2.4373,1.5462,1.7452,2.2982,1.793,1.424,2.4383,1.586,2.133
"Uprosertib",1.6008,2.3734,3.0565,2.2679,2.171,1.7133,2.9105,2.2702,2.1931,3.9112,2.1546,3.3108,2.5303,1.2498,3.2386,3.2392,3.92,3.1079,3.1682,2.9983,2.5628,3.2884,3.8357,3.0778,3.1807,3.6007,2.449,3.0862,2.399,3.0794,4.0607,3.0741,2.7355,2.469,2.6144,3.1855,3.2822,3.2704,2.4026,3.1776,2.7598,2.1694,3.1928,2.9374,3.3506,3.5521,2.251,2.9555,2.4044,3.8346,3.1467,2.4855,3.1711,4.4725
"Taselisib",1.6089,2.4855,1.5291,2.6124,1.8901,1.1566,2.9479,1.7827,2.04,2.8698,1.695,2.8585,1.079,1.1383,1.0768,3.5421,1.7494,1.3206,1.5874,1.433,2.0256,1.9814,1.8594,1.7183,1.9001,2.174,1.4293,1.2997,1.0298,2.5308,2.2377,2.414,0.9978,1.008,0.8452,1.6153,1.5991,3.9387,2.4204,1.8234,2.2659,1.3867,3.2721,2.0373,2.5234,3.2048,2.0973,0.879,1.0937,2.681,1.2457,0.6739,2.3279,2.4515
"AZD2014",1.6698,2.3977,1.9603,2.1841,1.0708,1.1128,2.0944,0.6519,1.9257,2.8121,0.8347,2.6237,1.8869,0.0401,1.3762,2.1093,3.1482,0.9667,2.4233,2.1677,0.8693,2.2751,2.5375,1.8807,2.0591,2.2407,1.699,1.6974,1.438,2.3259,2.0887,2.1813,2.0392,1.9055,1.7318,1.6312,1.4373,2.3318,2.1598,1.7461,1.6775,1.9473,1.6868,2.4978,2.7667,2.5286,0.742,1.1509,1.6145,2.6729,0.9832,1.3837,1.8019,2.1439
"MK-2206",1.6837,2.3815,3.2073,2.8418,1.9387,1.8252,3.2442,2.2989,1.8756,3.7095,1.7577,4.0957,2.7566,1.2433,2.8698,4.4818,4.6731,2.5938,3.7191,3.5013,2.6256,2.9521,4.1654,3.1153,3.2395,4.3193,2.9489,3.2866,2.1788,2.8737,3.8491,3.3827,2.9148,3.2638,2.312,3.0932,3.4203,3.4401,2.7909,2.7423,2.6451,1.6156,3.2518,2.3439,3.3343,3.3783,2.4115,2.3764,2.6647,3.7573,2.6554,2.837,2.6441,4.2126
"Palbociclib",1.7384,2.3719,3.6677,2.5174,2.6444,3.2022,2.9965,2.131,2.2378,4.2259,2.0155,4.9257,4.1927,0.9087,4.6203,3.9487,5.7001,4.0387,4.4273,5.1025,3.5322,4.8115,5.1672,4.8009,4.8417,5.5242,4.6452,5.0822,4.4752,3.2689,4.7745,4.5926,4.6356,3.7631,3.3666,4.4079,4.8507,2.4241,2.5644,2.2054,2.4185,2.5237,2.5275,2.9897,3.213,2.6226,1.349,2.3231,3.041,2.4394,1.9893,3.748,2.6486,4.7093
"BMS-536924",1.7693,1.8753,1.5742,1.4258,1.1517,1.9099,1.6083,0.9494,2.1657,2.1754,1.4653,2.8385,1.5916,0.2948,2.0198,2.5831,2.7841,2.2378,2.5439,2.2083,1.683,2.3092,2.442,2.0264,2.1346,2.464,2.3936,2.9765,2.6172,2.2143,2.3711,2.8373,2.2431,2.0315,2.0713,2.7216,2.3532,1.9513,2.2506,1.4223,1.8131,2.2404,2.1779,2.1826,1.748,2.3235,0.6292,1.0746,1.4867,1.8361,0.9047,1.707,1.7648,1.996
"Savolitinib",1.7791,2.0049,2.592,2.0999,2.2014,2.3938,2.2974,1.2667,1.7376,2.1886,1.5981,3.1119,2.7637,1.2989,3.2323,2.2503,3.393,2.822,2.8253,2.5978,1.8086,2.7033,2.8494,2.448,2.553,3.0481,2.7683,3.0463,2.639,2.6237,3.1019,2.5346,3.3673,2.5764,2.2735,3.2074,2.9946,2.9791,2.4001,2.3235,1.9413,2.8145,2.5983,3.0068,3.0041,2.5194,1.7463,1.9459,2.6952,2.0085,1.8791,2.7576,2.1877,2.5063
"Cisplatin",1.8109,1.8432,3.4768,3.1402,1.5631,3.2722,4.0926,1.7869,1.9433,3.8104,2.0285,3.3918,4.7013,0.9537,4.7227,2.0911,4.504,3.8158,3.9003,4.3327,1.6338,3.8985,4.4856,3.3078,3.6861,4.5014,3.5461,3.2946,3.9755,3.6647,3.7148,4.0001,5.0661,3.0282,3.635,3.6115,4.4409,3.7095,2.4887,2.0633,2.6753,2.9349,3.7219,3.1281,2.4322,3.2075,2.9225,1.5736,2.9915,2.2835,1.6872,3.5867,2.6931,2.9917
"AZ6102",1.8376,2.4571,2.8257,2.6409,2.2273,2.6747,2.6438,2.0037,2.0972,3.2292,1.5652,3.1752,2.504,1.675,2.5163,2.986,3.5817,2.1195,2.72,2.756,2.4519,2.7188,2.9359,2.4167,2.5039,3.2841,2.505,2.1871,2.5119,2.6744,2.8206,2.8322,2.2264,2.6695,2.4441,2.754,2.7014,2.5675,2.4864,2.1257,2.2478,2.1491,2.8645,2.7985,2.643,2.6771,2.201,2.1031,2.3038,2.348,2.0555,2.5819,2.3638,2.8329
"I-BET-762",1.8831,2.3602,2.8141,3.1381,2.7024,2.5644,3.6263,2.0364,2.9324,3.6764,2.4206,3.9877,3.9464,1.6417,2.8621,3.8773,4.8472,3.5628,3.7034,3.8356,2.71,2.9838,4.1881,2.7746,2.9772,4.4958,2.5873,3.5908,4.2208,2.5669,2.9879,4.259,2.7792,3.3084,3.8623,3.0795,3.882,3.2544,2.5719,1.927,2.5642,2.4453,3.5389,2.9053,2.8488,2.8028,1.9414,2.5125,2.4016,3.322,1.6137,2.789,2.4575,3.5126
"Osimertinib",1.9307,1.6633,1.7536,2.1285,1.3055,0.9536,2.1388,1.3111,2.2641,2.2024,1.6247,2.4718,0.8436,0.7261,0.6823,2.3681,0.7704,1.8619,1.5493,1.6127,2.012,2.2104,1.9994,1.9835,1.9244,0.8767,1.389,1.6162,1.1992,1.7988,1.204,2.3146,1.373,0.6357,1.624,1.4716,1.1764,2.471,2.0408,1.4341,1.7445,1.755,2.3347,1.8887,1.7646,2.5922,1.4614,0.7169,1.2444,2.2879,1.2102,0.7903,1.3798,2.1369
"Talazoparib",1.9322,2.5372,4.0769,2.7979,0.9905,3.7054,3.4816,0.5583,1.8868,3.8762,2.3043,4.0987,4.0404,-0.7005,4.1871,2.9839,4.7253,3.9413,3.6764,4.092,2.3005,4.1466,3.4766,4.0953,3.8409,4.1122,4.2165,3.9904,3.5979,4.0595,3.8202,4.189,3.8602,3.5117,2.6264,4.0458,3.9047,3.6025,2.7858,2.8005,2.4281,3.0934,3.4258,4.1549,3.5557,3.443,2.6055,0.9995,3.5446,1.5641,0.5234,3.6362,1.7949,2.8304
"Cediranib",1.9823,1.9872,2.3802,1.8076,1.3379,2.1458,1.4524,1.1394,2.9643,3.3771,1.8572,2.9165,1.4699,1.0595,2.4772,2.2088,2.8631,3.1511,2.2949,1.9817,2.1741,2.5263,2.9355,2.6184,2.5836,2.0313,2.4016,2.6371,2.6191,2.5651,2.2118,2.2174,2.1448,1.8757,2.7475,2.7572,2.169,1.9406,2.533,2.1473,2.0159,2.6072,2.4241,2.0955,2.2808,2.4882,1.4135,2.1659,1.6089,3.5352,1.8253,1.7446,2.718,3.3062
"Afatinib",2.0097,1.604,2.0454,2.0127,1.3836,1.1007,2.2923,1.245,2.3347,2.4055,1.6922,2.6555,1.12,0.7884,0.5442,2.2704,0.9982,2.333,1.7001,1.7371,1.9272,2.6951,2.417,2.3789,2.4867,0.8812,1.2691,1.5513,1.5658,2.0324,1.2142,2.3169,1.4404,1.0158,1.5433,1.3196,1.0662,2.3417,2.1176,1.808,1.9668,1.7156,2.4257,2.5743,1.8013,2.3853,1.4105,1.4501,1.3004,2.2231,1.8072,1.0301,1.6421,2.2304
"AZD4547",2.0142,1.7398,1.9934,2.3017,1.6388,1.8401,2.4162,0.8736,2.2941,1.6943,1.8008,3.0107,3.3273,0.797,2.9505,2.0214,3.576,3.1299,3.4362,3.1791,1.7013,3.5021,3.5479,2.7692,3.2928,3.2967,2.4752,2.9812,3.3892,3.1602,3.1442,2.8426,3.164,3.1512,3.4029,3.3223,2.8872,2.4992,2.6988,2.2851,2.2191,2.5114,2.571,2.9565,3.1565,2.5313,1.1161,1.8784,2.799,2.7295,1.6784,3.3195,1.5318,2.6907
"Elephantin",2.0503,2.3003,3.4077,3.9914,2.7729,2.8963,4.4203,2.5157,2.2631,4.2378,2.2629,3.9729,4.7902,1.7905,4.153,4.6371,4.7401,3.3845,4.1565,4.3956,3.0128,3.7266,4.5857,4.3851,4.1527,4.8451,3.4472,3.8422,3.427,3.4387,4.1461,4.2443,4.4935,3.6567,3.3695,4.1641,4.855,3.4803,2.2841,2.8486,2.4449,2.3014,3.2622,2.6815,2.9571,3.3854,2.3156,2.6505,3.0939,3.8849,2.8451,3.7182,2.8328,3.7096
"GSK343",2.0597,2.3009,2.8659,2.5658,2.5904,2.8799,2.8131,2.3026,2.171,3.0364,2.1722,3.256,3.1213,1.7463,3.6912,2.961,3.9906,2.9768,3.0819,3.4616,2.1939,3.0569,3.7577,3.3706,3.3691,3.7094,2.9962,2.9885,3.2209,2.9135,3.066,3.2683,3.6447,2.3254,2.9614,3.51,3.4439,2.6461,2.6305,2.5927,2.5533,2.7162,2.9718,2.5883,2.7445,2.7737,2.2205,2.4637,2.5367,2.7727,2.4629,2.7504,3.0193,2.9645
"Gallibiscoquinazole",2.0747,2.2245,2.6652,2.938,2.2742,2.885,3.1609,2.0642,2.0596,2.9452,2.089,2.4528,2.9862,1.8071,3.131,2.376,3.0872,2.383,2.9884,3.0393,1.9189,3.0503,3.1895,3.1089,3.191,3.1121,2.6017,2.5275,2.7415,2.8379,3.0482,2.7653,3.0953,2.6018,2.7338,2.7168,3.1361,2.7505,2.1982,2.6544,2.1791,2.0041,3.1267,2.4624,2.4376,2.9735,2.3876,2.2316,2.7123,2.7243,2.6118,2.8698,2.7377,2.9931
"ABT737",2.1058,1.2119,2.3564,1.9622,1.5526,1.5573,2.6888,1.5488,2.1365,1.6631,2.083,2.4818,2.4674,1.4395,2.631,2.0516,2.0883,1.2551,2.559,1.9478,0.1502,2.9079,2.1588,1.8518,1.3309,2.5006,2.1255,2.2426,2.5572,2.8332,2.135,2.501,2.5974,2.0422,1.9289,2.7348,1.9601,3.0138,2.8949,2.8575,2.826,2.6741,2.8037,2.6739,3.5896,2.3127,1.2414,1.2454,2.306,2.0246,0.8402,2.1237,-0.1841,1.7954
"Sorafenib",2.1307,2.0038,2.5816,2.365,2.3929,2.1804,2.618,2.0513,2.1055,3.0047,2.1642,2.8765,2.8912,1.8522,3.1211,2.8257,3.616,2.8141,2.7002,2.682,2.0667,3.374,3.7238,3.4049,3.3928,3.4841,2.5534,2.8363,2.6398,2.7596,2.9954,3.3491,3.2533,2.3108,2.6514,3.1886,2.8277,2.3862,2.5353,2.4858,2.0635,2.5702,2.4817,2.8318,2.3978,2.2866,1.3122,2.1369,2.445,2.1696,2.4639,2.7267,2.4671,3.2324
"BMS-345541",2.1833,2.6325,3.2843,3.119,2.4736,3.0234,3.3843,2.2283,2.334,3.3973,2.4199,4.5025,4.2033,1.6797,4.4239,3.5526,5.0573,3.6202,4.2014,4.4694,2.562,3.9324,5.056,3.9944,4.116,4.9509,3.7421,4.0116,3.9671,3.2422,4.1881,4.2212,4.8079,3.69,3.2512,4.2307,4.5483,2.9896,2.9351,3.325,3.2001,3.3512,3.6254,3.8873,2.8338,3.0923,2.4482,2.7312,2.8298,3.1131,2.2238,3.5908,2.6949,3.213
"AZD5363",2.2003,2.3291,3.4079,2.3108,2.5433,2.0942,2.5569,2.5513,2.4146,3.3123,2.0957,2.7985,2.1792,1.3069,2.6404,3.0221,3.2611,3.0263,3.4895,2.7084,2.2584,2.8253,3.3485,2.7468,3.393,3.0553,2.4661,3.4353,2.4152,3.2441,3.2348,2.4933,2.6392,2.9805,2.6092,3.1897,2.671,3.4561,2.7709,3.0742,2.3161,2.3949,3.0232,3.2291,3.3091,3.4712,1.9011,2.4542,2.5941,3.5451,3.0689,3.2618,3.1415,4.094
"PRT062607",2.2441,2.6552,3.6853,3.1568,3.2596,2.846,3.5603,2.82,3.0409,4.4562,2.826,4.1996,3.8199,1.1873,3.2194,4.415,4.8413,3.7808,3.5211,3.2646,2.8141,4.1064,4.4505,3.3803,3.3146,4.9049,3.0696,3.6641,4.3437,2.8821,3.7939,4.6287,3.74,3.3135,3.4103,3.9051,3.9822,3.0011,2.9539,2.4594,3.0116,3.2844,2.9564,3.1382,2.7722,2.5342,2.3227,2.9204,2.6957,3.6553,2.1698,3.2168,3.445,3.8043
"IWP-2",2.2511,2.3955,2.5898,2.8222,2.4143,2.6709,2.7301,2.3883,2.391,2.8194,2.1682,2.8612,2.9547,1.9977,3.1028,2.7515,3.3254,2.4737,2.8739,2.8244,2.011,2.7687,3.2557,3.0361,3.0356,3.2883,3.0306,2.9987,2.8257,2.5608,3.0421,3.0391,3.3484,2.8919,2.2706,2.9708,3.4145,3.0389,2.4904,2.7255,2.6627,2.8726,3.1664,2.8421,2.9794,2.808,2.1319,2.3887,2.7214,2.8336,2.4747,2.9947,2.6889,2.7789
"MK-8776",2.3065,3.0526,4.094,2.4422,1.6465,3.2778,3.151,2.2389,2.9202,4.4808,1.9871,4.3093,3.214,0.5633,3.5467,2.9814,4.7081,3.7422,3.2946,3.623,3.3296,3.1776,4.0861,3.6201,4.0408,3.4762,2.6568,3.6039,2.5441,3.3951,2.8908,4.5752,4.2957,2.3278,3.2287,4.0306,3.7299,2.9101,2.7064,2.571,2.8634,3.2927,3.2448,3.8918,3.1532,2.6322,2.3814,2.6135,2.2879,3.2497,1.9531,2.7151,3.5213,3.8011
"Dasatinib",2.3748,2.7295,1.1387,2.5768,1.0143,2.9389,2.1004,2.0017,2.6124,3.5219,0.3818,3.6471,-1.2027,-0.5421,0.9148,3.6494,1.4062,1.4283,0.6801,1.4431,3.2154,0.2001,1.4962,1.6999,1.9495,0.5615,1.2149,1.7997,1.9807,1.1625,0.8247,2.5217,-0.0103,0.1709,1.6678,1.4949,1.7045,1.1068,1.539,0.1157,0.6804,0.9274,2.7046,1.874,0.8318,1.9245,0.1576,-0.1063,0.4848,1.9991,-1.7248,-0.1633,0.9558,2.4354
"SCH772984",2.4621,4.055,3.1428,2.7742,2.1672,2.7084,2.5018,2.7155,2.0456,4.6233,2.0831,2.7778,1.8455,1.7153,1.98,4.1749,3.7825,2.6652,1.9212,3.2068,2.3273,4.3731,2.5784,3.4133,2.4151,3.9828,3.7368,2.6443,3.0696,3.0096,3.5244,4.08,1.8752,2.3272,2.304,2.5147,2.5641,2.9175,2.9851,1.5126,2.4026,2.7318,2.552,3.5047,2.6017,2.6936,0.6333,1.8296,1.2619,1.1882,1.1016,1.7199,1.0269,2.0978
"Ipatasertib",2.4636,2.9451,3.4044,3.5401,3.3582,2.1466,3.8078,2.5557,2.5674,3.6836,3.0008,4.0525,3.0781,1.9432,2.8487,4.0196,3.845,3.7647,3.8656,3.5061,3.008,3.0605,3.5629,3.1283,3.8987,3.5014,3.2695,3.8999,2.5647,3.7101,3.578,3.3249,3.046,3.3483,2.829,3.5526,3.2335,4.0745,3.2934,3.0867,2.8076,2.66,3.9863,3.3146,3.6626,4.1411,2.8547,2.765,2.85,4.2357,3.3374,3.2827,3.6563,4.6428
"Oxaliplatin",2.4876,2.8042,4.0503,4.3102,3.11,3.8048,5.0627,3.0755,3.1297,4.9205,2.7226,4.7001,4.9881,2.3029,5.1403,4.4794,5.6749,4.6635,4.5225,5.7059,3.7575,5.1056,5.4095,5.0037,5.3083,6.0024,4.6844,4.8829,5.2303,4.8935,4.8385,5.0536,5.4374,4.3039,4.6688,4.7365,5.6679,4.4181,3.7372,3.669,3.7887,3.8503,4.8038,4.3847,4.0873,4.215,3.5188,2.4583,4.0245,3.469,2.3563,4.5411,3.1618,4.3803
"UMI-77",2.5021,2.7713,3.6845,3.2344,3.2109,2.717,3.9795,3.0462,2.238,4.4385,2.7005,3.3218,2.9739,1.9445,3.9407,2.9668,2.8809,2.6491,2.4395,3.0591,2.8563,4.002,2.9815,3.8735,3.9747,3.5021,3.6618,3.6166,3.2511,3.9045,3.4832,3.9819,2.8865,2.6167,3.2252,3.8921,2.7647,2.846,2.2384,2.8091,2.4893,2.9401,2.757,3.4429,2.5421,3.2395,2.7873,2.7698,2.1635,4.4542,3.8981,2.5296,3.9481,3.9727
"PRIMA-1MET",2.5094,3.241,4.7178,5.5379,3.4777,3.8543,5.8672,4.0678,3.0366,5.2322,2.5138,5.3801,6.1115,2.4492,4.8408,5.4219,6.4586,3.3046,4.974,5.1976,3.1375,4.3281,5.6753,3.9625,4.0909,5.8166,2.9185,3.8305,4.8292,5.1735,4.5816,5.0082,4.6677,4.5975,3.8134,4.2152,5.2007,5.4251,3.8217,4.6147,4.3002,3.3622,5.285,3.3824,4.974,5.4788,3.5608,3.4861,4.6727,5.3375,4.114,4.7395,3.904,4.9667
"Sinularin",2.5107,2.9121,3.548,3.906,3.1375,3.1381,4.2276,2.8261,2.6993,4.1674,2.4941,3.7758,4.4596,2.5857,3.7559,3.8027,4.195,3.2677,4.1543,4.2018,3.2573,3.749,3.644,3.5825,3.5056,4.3182,3.3592,3.4593,2.8746,3.3462,3.8488,3.9384,4.0578,3.6953,3.2917,3.5521,4.098,4.076,2.6866,3.0485,2.8039,2.6617,3.8377,3.0432,3.2863,4.0448,2.814,2.6228,3.2604,3.3293,2.9442,3.7007,2.9639,3.4277
"Nilotinib",2.5459,2.5633,4.2088,2.9828,3.6621,3.3186,3.5575,2.8804,2.719,4.0796,2.2733,4.5836,4.5477,1.5391,4.4569,3.8859,5.061,4.0681,4.1156,4.2716,2.656,3.9244,4.9041,3.899,4.3726,4.9621,3.441,4.3097,3.7282,3.5629,4.2839,4.4801,4.7821,3.4316,3.6772,4.5186,4.2467,3.3933,3.3272,3.4933,2.6248,3.0383,3.3224,3.5743,3.6613,3.3226,2.3188,3.3567,3.2422,3.824,2.9248,3.8829,4.123,4.6506
"Lapatinib",2.5637,2.2922,3.8772,3.5081,2.5288,1.851,3.3891,2.4586,3.4016,4.4096,2.4561,4.307,2.9399,1.9042,1.7637,4.0615,2.0887,3.6652,3.2652,3.2024,3.5315,3.7307,4.0889,3.365,3.5956,2.5134,1.9344,2.847,2.1377,3.3637,2.1149,4.0931,2.4519,2.2166,2.8787,2.6303,1.9272,3.688,3.2317,3.2586,2.8936,2.5448,3.5925,3.4021,3.5347,3.7417,2.3242,2.8991,2.2533,4.4436,2.7482,1.9527,3.7409,4.3227
"Ulixertinib",2.5873,3.0355,2.7725,2.4552,2.2734,2.6848,2.936,2.2369,2.2443,3.4732,1.9487,3.2856,2.249,1.5426,2.4068,2.9181,3.1421,2.7887,2.56,2.8521,2.587,4.0337,3.3777,3.2039,3.1005,3.3375,2.6238,2.8943,3.0943,3.0115,3.5338,3.5642,2.5671,2.4559,2.7891,2.6136,2.7799,2.7586,2.468,1.8524,2.1655,2.2459,2.7035,2.8272,2.1561,2.7508,1.2836,1.5518,2.0222,1.3243,1.6104,2.4828,1.3864,2.4722
"VE821",2.6269,3.3757,4.632,3.8078,4.2852,4.3338,4.4322,3.4603,2.9826,5.12,3.4306,5.3104,4.22,2.1903,5.0964,4.83,5.4508,4.7477,4.6864,5.0924,4.321,4.7784,5.461,4.9905,5.053,5.2551,4.6997,5.1452,4.6067,3.6017,4.7829,5.1674,5.2866,3.8727,3.5867,5.0307,5.4425,3.2025,3.1509,2.51,3.1091,4.2524,3.8707,3.9653,2.7643,3.1863,2.9541,2.7692,3.3225,3.7202,2.9843,4.3236,4.2788,4.8288
"VX-11e",2.6605,3.4909,3.1005,2.8626,2.7163,3.1697,2.9673,2.5446,2.5451,4.4516,2.2311,3.5668,2.0204,1.6257,2.383,3.6678,3.9348,3.1323,2.8888,3.1406,3.0853,4.2618,4.1938,3.4979,3.4431,4.0097,3.0963,3.2383,3.4415,3.0364,4.0229,4.0674,2.4044,2.7696,3.2058,3.0921,3.2324,2.8719,2.7088,2.0968,2.3621,2.5153,3.1109,3.1963,2.891,3.1177,1.8775,2.1281,2.4898,1.8205,1.7718,2.6117,1.8283,3.3218
"Tamoxifen",2.6849,2.3892,3.6495,3.6157,3.5117,3.2072,3.903,3.0864,2.7894,4.1909,2.9454,3.9142,3.8488,2.8755,3.9988,3.6837,3.9238,3.946,4.0818,4.0279,3.3934,3.8171,4.4299,4.4268,4.2168,4.0251,4.0255,4.1084,3.9983,3.4697,3.9377,4.0889,3.9969,3.5509,3.774,4.1167,4.0775,3.7213,3.0309,2.6931,2.763,3.0014,3.7502,3.3471,3.4551,3.5797,2.5005,3.5703,3.5344,3.7432,3.34,3.8075,3.1283,4.2318
"Pyridostatin",2.7155,2.9627,3.8236,3.4548,3.2286,2.8091,3.546,2.6419,3.2022,3.6477,2.6886,4.1843,3.9593,2.1083,4.1469,3.3267,4.6634,3.7229,4.1368,4.0614,2.9676,3.4103,3.8447,3.6944,3.9195,4.1627,3.1769,3.3278,4.0131,3.2376,3.9204,3.9342,3.7612,3.5683,3.4657,3.654,3.7385,2.9725,3.0232,3.3375,2.7119,3.2425,3.7807,3.631,3.6359,3.712,2.5681,3.2463,2.8952,3.6869,3.6029,3.6559,3.673,4.3566
"PD173074",2.7527,3.1065,4.2742,3.8709,4.1291,4.1281,4.0291,3.571,3.137,4.9202,3.1657,4.9082,4.5468,2.6341,5.0548,4.6083,5.2944,4.8135,4.04,4.6202,3.9814,4.4645,5.2389,4.9135,4.9606,5.2292,4.5207,4.6774,4.3513,3.5867,4.7167,4.8706,4.9978,3.7352,4.3683,4.8045,5.2067,3.669,4.1878,3.9161,3.5058,4.0713,3.9635,3.8786,3.351,3.4222,3.1377,3.9936,3.6225,4.5337,3.5942,4.0182,3.7972,4.726
"WZ4003",2.8103,2.817,4.2827,3.7576,4.3432,3.8426,3.7846,3.1535,3.566,5.2581,3.1362,4.7561,4.0063,1.9828,4.5712,5.024,5.4511,4.1228,3.729,4.1393,3.4726,4.5857,5.0981,4.6869,4.3985,5.1409,3.6074,4.2446,4.7089,3.4238,4.4843,4.6294,4.5069,3.3753,3.8515,4.1892,4.8824,3.5339,3.6902,2.7584,2.8403,3.8928,3.1928,3.4753,3.2308,2.7713,2.6757,3.6295,3.0804,3.9632,2.7047,3.4247,3.9942,4.6767
"GSK2606414",2.8229,3.2512,3.4963,3.51,3.1594,3.4154,3.65,2.8211,3.2333,4.3043,2.7078,3.8044,3.9255,2.2903,4.2318,4.1291,4.9506,3.4946,4.0821,3.7729,2.8592,4.1527,4.8062,4.3352,4.0009,4.8593,4.0292,4.3225,3.86,3.1881,4.523,3.9666,4.677,3.8417,4.1463,4.0572,4.5805,3.6975,3.5594,3.1939,3.286,3.4175,3.5691,4.3295,3.9205,3.1683,2.8253,3.196,3.4356,3.5883,2.9754,3.64,3.4069,4.2552
"Zoledronate",2.864,3.1494,3.9689,3.9476,3.6943,3.5499,4.1395,3.2247,3.1084,4.3264,2.893,3.8725,3.9671,3.0991,4.3251,3.6696,4.2418,3.7504,3.6598,3.7176,3.2149,3.9781,3.9829,4.0576,3.9331,4.2411,3.6284,3.8283,3.8406,3.5917,4.1034,4.1283,4.3297,3.5445,3.4458,3.8589,4.1251,3.9267,3.4084,3.678,3.2817,3.5403,4.0716,3.585,3.7218,3.8689,3.3328,3.2174,3.5959,3.3212,3.3267,3.6282,3.4866,3.9795
"AT13148",2.8889,2.5164,4.0824,3.2264,3.2868,3.7101,3.5046,1.8467,2.3194,4.8727,2.1593,4.3443,3.591,1.8339,4.421,3.5675,5.354,2.8087,4.8235,4.7172,2.8157,3.3745,5.7008,4.2966,4.2471,4.3046,3.8305,4.7345,3.01,2.928,4.5926,4.2858,4.1668,3.9238,2.6431,4.3211,4.7818,2.8771,1.8742,3.2009,2.7823,2.2592,3.636,3.5891,3.3638,3.7241,2.3963,3.5115,3.7857,3.2553,3.1702,4.2665,3.5399,4.9051
"AZD1332",2.9281,3.5278,3.7143,4.0513,3.6261,3.3629,3.2401,3.0896,4.2715,5.045,2.7984,4.1441,2.7881,1.2512,4.1904,4.4202,4.5642,4.2486,3.4095,3.8752,3.7209,4.3953,4.9223,4.6731,4.7234,3.8467,4.0241,4.2294,3.6971,3.3392,3.474,4.3145,4.5143,2.9053,4.5769,4.1612,4.3091,3.2013,4.027,3.9104,4.0835,3.7695,3.5605,4.7297,3.3835,2.8927,3.1755,3.243,2.4763,4.082,2.981,2.8101,3.5579,3.9322
"PCI-34051",2.9504,3.0011,4.6139,4.6056,4.6289,4.4146,4.9039,3.6019,4.1547,5.2189,3.9454,5.2166,5.1163,2.5089,4.8238,5.1301,5.6752,4.9699,4.6816,5.3755,4.0981,4.8373,5.4597,5.2766,5.0034,5.5046,4.7438,4.646,5.0092,3.9881,4.8464,5.2968,5.1452,4.4618,4.7898,4.7156,5.381,4.1015,4.0986,3.7878,4.3045,4.2857,4.2648,4.2953,3.8321,3.7354,3.5021,3.9433,4.3938,4.5305,3.7759,4.5102,4.4583,4.4621
"Niraparib",2.9595,3.4033,4.5286,4.44,4.2378,4.2352,4.7928,3.2224,3.5332,5.0178,3.6471,4.5989,4.7215,1.9281,4.6493,4.7981,5.3217,4.0705,4.7721,5.3978,3.311,4.6709,5.3596,4.8671,4.8815,5.7505,4.431,4.2693,5.3179,4.2247,4.5418,4.8318,4.8116,4.2349,4.47,4.8484,5.1299,4.4754,3.9267,3.6085,3.7412,3.8802,4.6098,4.0806,3.812,3.7645,3.8017,3.4227,4.2882,3.6409,3.1133,4.465,4.0407,4.2614
"Linsitinib",2.9714,3.1802,2.9268,3.5849,2.6735,3.475,4.1609,3.1766,3.7523,3.972,3.1637,4.3766,4.2808,1.5659,3.4652,3.9141,4.6009,3.3961,4.1137,4.0249,3.0802,3.8762,4.9149,3.42,3.1805,4.3143,4.241,4.4397,4.1656,3.4998,4.0389,4.3639,4.1679,3.9789,4.2034,4.0576,3.8962,4.4886,3.6895,3.1427,3.8643,3.6282,4.148,3.6379,3.8988,3.8025,3.1582,3.0924,3.5846,3.2317,2.1454,3.4599,3.0017,3.3855
"Alpelisib",2.9881,3.9199,4.143,4.1274,3.958,2.9003,4.183,3.8633,3.45,4.9767,3.5457,4.2614,3.4001,2.3774,3.4,5.0879,3.6021,3.128,3.3348,3.1858,3.3337,3.9793,3.639,3.522,3.3926,4.2911,3.5985,3.318,3.3285,3.3847,4.228,4.2979,3.3134,2.657,3.1848,4.3641,3.8245,4.6674,3.5862,4.0618,3.7524,3.5232,4.5173,4.0128,3.3251,4.1529,3.565,2.7061,3.059,4.0005,3.1197,2.7495,3.8934,3.9016
"Olaparib",3.0152,3.3836,4.6178,4.1801,4.2052,4.1712,4.2967,3.6357,3.5989,4.999,3.4144,4.4582,4.6935,2.5561,5.2055,4.5476,5.1255,4.6299,4.4741,4.7438,3.8614,4.9458,5.3511,5.4521,5.0298,5.0884,5.3789,4.8086,4.7591,4.2926,4.783,4.8129,5.2858,4.1282,4.4614,5.4082,5.3474,3.8528,3.9321,4.0262,3.5564,4.4183,4.1314,4.3877,4.1044,4.1095,3.5008,3.5949,4.2135,3.4766,3.3954,4.4499,3.6165,4.1974
"Fulvestrant",3.0344,2.7434,3.3786,3.7404,3.0837,3.3369,3.9771,2.6787,2.7463,3.5664,2.9821,3.8298,4.1326,2.292,4.1662,3.6481,4.2675,3.5838,3.825,3.9294,2.9107,3.808,4.3454,4.29,4.2121,4.457,3.766,4.0313,3.6521,3.5813,3.824,4.0594,4.4235,3.6011,3.4285,3.9492,4.3099,3.8275,2.8151,3.0563,2.7622,3.178,3.8902,3.4333,3.5273,3.6786,2.5524,2.6966,3.4463,3.4408,2.9575,3.6898,3.1329,3.7226
"MIM1",3.0355,2.9876,4.3184,3.8595,3.4376,3.9481,4.2622,3.8693,3.3247,4.8146,2.7158,4.0125,4.1869,2.3801,4.4728,3.7806,4.707,4.0014,3.9925,4.2379,3.193,4.6006,4.3087,4.4809,4.2825,4.1549,4.1073,4.0021,4.0673,4.2503,4.1631,4.0452,4.1325,3.9921,4.5092,4.1648,4.2714,4.0418,3.8706,3.7807,3.7087,4.222,4.1884,4.5156,4.1365,4.1419,2.6911,3.895,3.8942,4.2643,3.7012,3.8946,3.7501,4.1777
"AZD3759",3.0441,3.0413,2.8313,3.2012,2.5132,2.7715,2.9531,2.4939,3.1568,3.2217,2.5537,3.1632,1.8898,2.0226,1.5786,2.8249,1.9585,2.6732,2.466,2.4886,2.5283,3.0529,2.7573,2.7347,2.8277,1.8149,2.2808,2.3332,2.6148,2.8977,2.4447,2.8877,1.9506,1.8525,2.5872,2.2297,1.8659,3.5124,2.8374,2.6863,2.6745,2.6072,3.3319,2.8413,2.9856,3.482,2.613,2.5823,2.7247,2.9962,2.3397,1.8848,2.6429,2.986
"Erlotinib",3.091,3.2219,2.845,2.6806,2.4064,2.7108,2.6935,2.024,3.2132,2.9016,2.2533,3.3639,1.9012,1.4288,1.8786,2.5506,2.1126,3.2995,2.9375,2.7413,2.5333,3.1603,3.123,2.6503,2.7711,1.6324,2.7706,2.7579,2.6926,2.9433,2.5989,3.0106,2.4599,2.0718,2.4894,2.6203,2.0369,3.1675,3.1844,2.599,2.6487,2.7022,3.2457,3.6713,2.9887,3.2025,2.2742,2.5087,2.6401,2.3314,2.0188,2.3063,2.5128,2.6403
"Entospletinib",3.1696,3.435,4.3419,3.8414,3.8152,3.5274,3.6147,3.0836,4.04,5.0908,2.7268,4.2247,3.7372,2.1916,3.6835,4.5951,4.9865,3.8465,3.7621,4.0075,3.3044,3.7692,4.5468,4.2982,3.7443,4.4224,4.2779,3.7189,3.5382,3.7794,4.1133,4.2043,4.0479,3.6375,3.8469,3.9054,3.9927,3.6643,3.5329,2.8465,3.4564,3.78,3.8036,3.8407,3.497,3.1293,3.244,3.2017,3.0937,4.6787,2.9871,3.6748,4.6723,4.2752
"GSK1904529A",3.2873,3.5313,4.5356,3.9642,3.9013,3.9517,4.2599,3.8552,3.7984,5.1458,2.9681,4.4655,4.4093,3.0873,5.1237,4.8304,5.1991,4.5094,4.3944,4.8641,4.3157,4.8421,5.4223,5.0717,4.9562,5.149,5.0052,4.8343,4.2156,4.0184,5.4425,5.0462,5.0781,4.4401,4.4689,4.5575,5.2026,4.5762,3.6045,4.1512,3.9971,3.8372,4.3762,4.5121,4.2153,4.2886,3.5495,4.1653,3.9918,4.0486,3.74,4.3052,4.0708,4.6791
"WEHI-539",3.3062,2.0704,3.2874,3.686,2.605,2.667,3.9143,2.8127,3.3677,3.6619,3.4195,3.729,3.9445,1.3057,3.5054,3.6476,3.2816,1.8494,3.4879,3.2178,1.2457,3.9944,3.453,3.4458,2.8007,3.0371,3.0629,3.4172,4.0075,3.6087,3.1028,3.7251,3.4681,3.3373,3.1541,3.8007,2.6837,4.0688,3.3865,2.9828,3.3725,3.3051,3.681,3.6464,4.3466,3.5562,2.7976,2.2366,2.6302,4.306,2.7599,2.6971,2.3421,2.7938
"AZD8186",3.3862,4.1193,3.4247,3.616,3.1377,3.168,3.1988,3.4323,3.2225,4.2291,2.7603,4.1275,2.1762,2.0605,2.8464,4.0017,2.9585,3.0371,3.2463,2.9158,3.3102,3.2011,2.9746,2.7482,3.3957,2.6837,2.8987,3.0888,2.3749,3.6933,3.2006,3.038,2.332,2.6578,2.4697,3.1809,2.6522,4.0923,3.5603,2.8561,2.7488,3.1089,3.8369,3.4693,3.5141,3.9362,3.0467,2.4368,3.0385,4.2233,2.8234,2.7307,3.8933,4.2273
"P22077",3.3981,3.1917,5.024,4.1887,4.0977,4.0633,5.0745,4.2172,3.0257,4.841,3.3529,5.106,5.5347,3.5303,5.9076,4.7551,5.4046,4.5634,4.7971,5.0307,3.2211,5.7593,5.4598,5.0376,5.0595,5.7476,4.9647,4.3133,4.6099,5.0799,4.9494,5.7598,5.5455,4.0219,4.3204,5.4358,5.4178,4.8932,4.5437,4.393,3.9046,4.0833,4.654,4.5497,4.8188,4.2435,3.4366,3.1708,3.3569,4.3989,4.0358,4.5982,4.4054,4.7562
"I-BRD9",3.448,3.7419,4.0896,4.3413,4.0743,4.003,4.4253,3.926,4.0771,4.7934,3.6827,5.0099,4.9915,3.0464,4.7694,4.7967,5.3854,4.7241,4.396,5.0781,3.839,4.6702,5.2136,4.2965,4.9871,5.3596,4.4632,4.9451,4.8802,4.0059,4.6021,4.9538,4.8414,4.1153,4.9101,4.7163,5.1338,4.3092,4.2853,4.194,3.7339,4.0299,4.5463,4.1961,4.223,4.2522,3.2497,4.1264,3.6463,4.8689,3.4627,4.1749,4.5571,5.19
"5-Fluorouracil",3.4484,3.652,4.7774,4.2976,3.2187,4.6257,5.3259,4.5997,3.5955,6.4617,3.1629,5.1811,5.3284,2.2211,5.5096,5.0158,6.1477,5.2604,4.7553,5.4725,4.1472,5.007,5.6805,5.193,5.5732,6.8686,4.0173,5.5245,4.8429,4.059,5.4863,6.0342,5.9324,4.5747,4.8455,5.0536,6.3735,4.292,4.6964,5.0151,4.2568,4.4376,4.6861,4.7913,4.0357,4.6011,3.3944,4.3433,4.6074,4.8531,3.6314,4.7196,3.7524,5.3352
"Gefitinib",3.4727,3.464,3.5779,3.4749,2.7988,3.3219,3.4358,2.8838,3.5185,3.5435,3.1669,3.7745,2.5951,2.1741,2.6809,3.1893,2.5974,3.5345,3.0325,3.073,2.7722,3.9062,3.5985,3.1287,3.1741,2.3431,2.7894,2.7008,3.4041,3.6984,2.7667,3.567,2.9062,2.5063,3.2555,3.0997,2.5071,3.9412,3.6135,3.3567,3.2664,3.3284,3.8734,3.959,3.5879,3.9076,3.1751,3.2766,2.7862,3.3947,2.9858,2.4291,3.3765,3.6734
"Nutlin-3a (-)",3.5444,4.5066,4.4528,4.7099,4.1629,4.9487,4.8658,4.6275,4.0886,4.6002,4.1866,5.8612,4.8661,3.353,4.796,4.8825,5.8484,5.1615,4.8039,5.3559,3.5584,4.717,5.2474,4.4921,5.0812,5.6872,4.6805,5.4873,4.5433,4.5473,4.5618,5.0597,4.9215,4.5418,5.4024,5.1187,5.5137,5.1478,4.8589,3.5521,4.0058,4.6568,4.759,4.7438,4.4128,4.2271,3.505,3.5742,4.5405,3.2057,2.6106,4.8019,3.1528,5.4152
"AGI-6780",3.5609,3.4076,4.1873,3.8439,4.0674,3.8412,4.0656,3.8158,3.6826,4.7129,3.7647,4.1871,4.3955,3.2487,4.7481,4.2452,4.8086,4.476,4.2849,4.6154,3.395,4.8377,5.1434,4.916,4.8356,5.0157,4.5259,4.695,4.6782,3.7225,4.9231,4.6481,4.931,3.9293,4.7332,4.8772,4.9932,3.8825,3.8418,3.7791,3.649,4.2187,4.0645,4.0177,3.829,3.6426,3.4048,4.2768,3.724,4.2566,4.0087,4.0434,4.3309,4.4717
"Wnt-C59",3.6515,3.7591,4.2501,4.0982,4.3328,4.2684,4.2005,3.9579,3.6742,4.7812,4.0881,4.2523,4.4352,3.078,4.8179,4.4134,4.9019,4.5674,4.2671,4.2116,3.4798,4.6884,5.2337,4.8784,4.6264,5.0507,4.4468,4.5687,4.5841,3.6901,4.9282,4.6163,4.9366,4.0975,4.5442,4.8779,5.006,4.042,4.0149,3.7404,3.8448,4.2984,4.228,4.2103,4.0445,3.7782,3.6644,4.4005,4.0801,4.0319,4.0127,4.3165,4.239,4.6896
"Dabrafenib",3.6526,3.4099,4.5456,3.5681,4.5178,4.7184,4.499,3.9836,4.0912,5.1688,3.6251,5.0723,5.0794,3.0409,5.5504,4.6724,5.6522,5.0889,4.8225,5.3375,3.6442,5.7441,5.8492,5.3551,5.5708,5.7274,4.632,5.914,5.4986,4.4895,5.7523,5.1574,5.5828,4.5466,5.0623,5.2771,5.7821,4.3393,4.2242,3.328,3.3675,4.7366,3.7477,4.6372,4.375,3.6434,2.804,3.7024,3.9112,4.2943,3.1635,4.7707,4.5112,5.1626
"PLX-4720",3.6634,3.9198,4.522,4.0526,4.7803,5.0456,4.5218,4.1225,4.1689,5.604,3.9033,5.0451,4.6689,3.3463,5.1051,4.9574,5.6256,5.0567,4.9181,5.3971,4.5296,5.2983,5.6772,5.5758,5.657,5.5915,4.5106,5.3061,4.9695,4.5518,5.7158,5.1347,5.4318,4.2552,4.6718,5.0983,5.506,4.138,4.432,3.8349,3.662,4.3918,3.9394,4.6265,4.2753,3.9915,3.8896,4.261,4.2312,4.6849,3.8933,4.5944,5.0026,5.1214
"XAV939",3.674,4.0642,4.8122,4.4702,4.5952,3.9903,4.3833,4.3911,4.1185,5.4083,3.9205,4.9475,4.0202,3.4454,4.853,4.901,4.5726,3.9287,4.277,4.5509,3.7923,4.5248,5.2104,4.849,4.512,4.6517,4.7473,4.459,4.556,3.8277,4.5413,4.7034,4.7386,3.9596,4.3646,4.8265,4.7077,4.1222,3.8877,4.2048,3.9379,4.4655,4.236,4.6158,4.1201,3.8426,3.8799,4.5408,4.3258,4.6738,4.0858,4.2072,4.4266,4.7912
"WIKI4",3.7229,3.4228,3.9883,3.4539,3.3218,3.7896,3.6244,3.5401,3.7232,3.824,3.3494,4.2234,3.5674,2.8325,3.8664,3.732,3.8485,3.3563,3.6383,3.4415,2.8448,3.8861,3.5931,3.8785,3.2938,3.7234,4.2865,3.8034,3.6815,3.6268,3.9166,3.7813,3.5442,3.9469,3.3205,3.758,3.6007,3.9327,3.8001,3.6676,3.7258,3.9267,4.0294,4.1318,3.7333,3.499,3.2829,3.5417,3.9714,3.7628,3.3242,3.92,3.6345,3.7413
"MN-64",3.7765,4.2129,5.2959,4.6322,4.6635,4.3412,4.6543,4.511,3.6679,5.6081,4.2083,5.4431,4.3306,3.2219,4.9764,4.8419,4.8777,4.5696,4.483,4.8767,4.013,4.9169,5.3264,5.2829,4.7926,5.0798,4.811,5.023,4.2299,4.0059,4.7339,5.4315,5.0372,4.4629,4.2999,5.0412,5.0615,4.3881,4.1339,4.274,4.2344,4.8229,4.6552,4.915,4.3611,3.9075,4.0306,4.6394,4.4123,4.291,4.3825,4.5552,4.5547,4.8996
"OF-1",3.8044,3.9372,3.8864,4.1955,3.8537,4.0376,4.2146,3.7148,2.8785,4.0966,4.3225,3.6102,4.2079,3.9045,4.3938,3.5729,4.3491,4.268,4.5134,4.1547,3.2974,4.103,4.6655,4.8679,4.6457,4.5489,4.1162,4.4092,3.8821,3.8753,5.1128,4.4238,4.6492,3.8334,4.529,4.5942,4.7701,4.1325,3.6649,3.7346,3.2407,3.9587,4.2453,3.708,3.5697,3.8886,4.2328,4.4443,4.0837,3.7875,4.4472,3.9551,4.2733,4.623
"LGK974",3.8241,3.7819,4.2405,3.8964,4.2274,3.6981,3.9102,3.8057,3.5767,4.3509,4.1264,4.0972,4.0481,3.7111,4.5573,4.1504,3.993,4.183,3.772,3.815,3.5319,4.2286,4.8693,4.7888,4.4754,4.6599,4.6611,4.3299,3.9326,3.3976,4.5127,4.4832,4.8062,3.646,4.243,4.776,4.4182,4.0663,3.7123,3.6388,3.4706,3.8463,3.8649,4.0285,3.8957,3.8492,3.3882,3.9868,3.925,3.6356,3.7808,3.9451,4.0702,4.43
"ML323",3.8939,3.844,4.2733,4.5961,4.2986,4.0798,4.8926,4.369,3.8313,4.8115,4.3549,4.1978,4.8197,3.9737,5.0129,4.6051,4.8387,4.5164,4.43,4.6472,4.1543,4.9144,5.2794,5.1285,4.9047,5.2249,4.8385,4.7883,4.8296,3.8642,5.0723,4.8508,5.0756,4.3848,4.6067,5.0184,5.1861,4.71,3.9705,3.961,3.8959,4.0833,4.5046,4.4162,4.1478,4.2529,4.1365,4.2581,4.2109,4.3193,3.9571,4.5852,4.2209,4.7987
"GSK591",3.8957,4.2644,4.5765,4.6979,4.7829,4.5832,4.8877,3.9621,4.0189,5.0344,4.1694,4.5477,4.8752,3.6195,4.8781,4.3732,4.9456,4.2003,4.6751,5.2259,4.0369,5.0665,5.4779,4.3964,4.6382,5.191,4.5075,4.3498,4.7295,4.204,4.7845,4.7884,5.0404,4.4775,4.2377,4.4898,4.7027,4.8079,4.3604,4.3748,4.2803,4.7138,5.0635,4.6326,4.4254,4.9184,4.2306,4.2158,4.329,4.697,3.8035,4.5399,4.6648,4.6603
"LCL161",4.0254,4.0009,4.7507,4.7587,4.4491,4.5756,4.9082,4.1632,4.1702,4.9659,4.5211,5.187,5.142,3.3247,5.0981,4.8479,5.2471,4.5827,4.7063,5.0392,3.8354,4.721,5.1413,4.5709,4.7485,5.3114,4.4281,4.522,4.9529,4.3701,4.9715,4.9475,5.0463,4.674,4.8046,4.7888,4.8711,4.9337,4.1593,4.1949,4.341,4.561,4.6992,4.5839,4.7115,4.517,4.121,4.2012,4.5076,4.6844,4.1916,4.6938,4.3752,4.7458
"Selumetinib",4.0621,5.6946,4.5598,4.8454,4.2344,4.7305,4.9004,4.2619,3.8165,6.0118,3.9479,5.0661,3.4163,3.8196,2.8929,5.5334,5.2686,4.0124,3.6641,4.369,3.65,6.2567,3.8847,4.4746,3.8834,5.5664,4.5787,4.1698,4.7063,4.6106,5.3739,5.5135,2.769,4.0406,4.5111,4.0538,4.2883,4.5842,4.8202,2.969,3.6752,3.5923,4.299,5.1272,4.1325,4.2791,2.9643,3.3205,3.4093,2.249,2.7448,3.6836,2.3793,3.3616
"RVX-208",4.1298,4.5155,4.8619,4.8218,4.7921,4.8955,5.2306,4.3089,4.6485,5.6423,4.2807,5.0096,5.4735,3.8905,5.1872,5.2837,5.8287,5.0266,4.7028,4.9441,4.2732,5.3227,5.2612,4.989,4.7853,5.7279,4.5733,4.8212,4.898,4.6261,5.1851,5.3418,5.096,4.4777,5.2301,5.133,5.4684,5.2852,4.7642,4.7987,4.5949,4.8387,5.0236,4.9164,4.4922,4.4755,4.5484,4.6913,4.2488,4.9897,4.0299,4.5512,4.8186,5.1188
"Leflunomide",4.1465,4.2774,5.0647,4.5992,5.0567,4.8576,4.7175,4.7385,4.0663,5.2704,4.8814,5.0491,5.3377,4.4276,5.803,4.8752,5.6242,5.2238,5.3007,5.6491,4.5445,5.02,6.0519,5.5943,5.6401,5.9102,5.4947,5.4871,5.3374,4.5267,5.4979,5.6044,5.7025,4.6812,5.0555,5.7154,5.6616,4.6068,4.5904,4.8143,4.3417,4.7726,4.6212,4.6688,4.5232,4.4946,4.5641,4.8736,4.6579,4.8599,4.6345,4.8671,4.8119,5.4256
"Ruxolitinib",4.1611,3.8388,4.8273,4.4985,4.741,4.6137,4.597,4.4019,4.2817,5.0598,4.4859,4.9533,4.8666,3.5092,5.3175,4.746,5.1953,4.6617,4.8513,5.1495,3.5236,5.0201,5.4795,4.8933,5.0917,5.4726,4.9503,5.1648,5.3387,4.4699,5.2552,5.0976,5.565,4.4108,5.181,5.3737,5.1922,4.8378,4.3497,4.4359,4.1311,4.7859,4.8471,4.7844,4.4259,4.4034,4.1878,4.6637,4.5663,4.8789,4.2864,4.6182,4.755,4.9267
"BIBR-1532",4.163,4.0953,5.1353,4.8208,4.6986,4.7148,4.9749,4.6873,3.9218,5.2549,4.3436,4.873,5.3216,4.0693,5.168,4.6381,5.0648,4.9024,4.9467,4.9776,4.0586,5.1947,5.1151,5.423,5.0173,5.3823,4.6999,4.7648,4.6715,4.8311,4.9638,5.3149,5.3036,4.5895,5.0972,5.094,5.1276,4.7499,4.6018,4.8725,4.4031,4.8153,4.8784,4.754,4.7611,4.6276,4.0623,4.4997,4.6144,4.7775,4.5377,4.8042,4.9062,5.2381
"AGI-5198",4.1748,3.921,4.8347,4.5119,4.4397,4.4727,4.6849,4.0771,4.1857,4.881,4.2917,4.4917,4.7934,3.8705,4.8877,4.2775,5.0916,4.7724,4.6255,4.6558,3.9438,5.0347,5.0964,5.0426,4.782,4.9878,4.8566,4.6956,4.7318,4.7041,4.7359,4.5854,5.0517,4.2597,5.0267,4.9995,4.6573,4.9156,4.4343,4.482,4.3126,4.7346,4.7387,4.7106,4.9524,4.6788,4.158,4.4263,4.4744,4.4456,4.0585,4.4872,4.4662,5.0487
"MIRA-1",4.211,4.6518,5.5912,5.2105,4.9422,5.1031,5.402,4.8867,4.4976,5.8561,4.6968,5.7249,5.8765,4.619,5.9248,5.3005,6.2126,5.3819,5.1525,5.7701,4.8129,5.4905,5.9835,5.7967,5.7043,6.1903,5.2217,5.5726,5.3338,5.1772,5.463,5.8668,6.1079,4.9115,5.5307,5.7567,5.8868,5.4013,4.8451,5.2463,4.6513,5.0546,5.2432,4.8389,5.0724,5.3707,4.7783,5.0267,4.9772,5.3913,4.9176,4.9631,5.0333,5.8249
"AZD5991",4.2865,4.532,5.448,5.0371,4.0447,4.4841,4.8652,3.3313,3.6961,4.9061,3.5426,4.3672,5.25,3.0231,5.9227,3.4882,5.3933,4.1358,4.1578,4.0824,2,4.9217,5.0364,3.6668,3.3702,5.1155,4.0709,3.5572,4.8273,4.9048,5.3614,4.2669,5.2826,4.1198,3.7229,5.2515,5.2395,5.4148,4.8695,5.7051,5.5225,4.943,6.0306,5.3281,5.1928,5.3946,4.7106,4.0222,3.6692,4.402,4.383,4.3288,4.6373,5.1303
"Mirin",4.316,4.8454,5.247,5.0315,4.2079,4.6713,5.0744,4.6468,4.3958,5.8874,4.1543,5.2701,5.1209,3.8144,5.1503,5.088,5.825,4.6453,4.2328,4.5768,4.2564,5.2322,5.1631,5.0646,4.9563,5.4904,4.5814,4.389,4.5757,4.8403,4.6566,5.6383,4.8908,4.5477,5.0376,5.0011,5.4987,4.5057,4.738,5.0402,4.3808,4.9224,4.7426,5.1868,4.4028,4.6081,3.9272,4.5106,4.3772,4.9742,4.1696,4.4248,4.5649,5.139
"EPZ004777",4.3625,4.1688,4.9417,4.8882,4.8337,4.8871,5.1282,4.5365,4.1198,5.3427,4.5636,5.3343,5.2234,3.9797,5.4486,4.8936,5.3496,5.0849,5.0814,5.2192,4.2378,5.3404,5.4085,5.33,5.2631,5.6095,4.9503,5.0755,5.1727,4.9048,5.2886,5.2448,5.4996,4.7584,5.1368,5.2293,5.4837,5.1944,4.6773,4.6158,4.4081,4.9542,5.2069,4.7269,4.7999,4.823,4.4288,4.6839,4.71,4.71,4.3405,4.9174,4.7376,5.3372
"AMG-319",4.3655,4.3603,5.0386,4.5739,4.6771,4.8379,4.5078,4.6925,4.5867,5.5305,4.3274,5.4216,4.8738,3.2293,5.3771,4.8118,5.2635,4.7447,4.7339,4.8957,4.3367,4.9266,5.0121,4.8598,5.1516,5.2963,4.5749,4.8782,4.8415,4.5236,5.1401,4.984,5.1496,4.3724,5.4015,4.9903,4.8473,4.6363,4.7174,4.6336,3.8972,4.6883,4.5607,4.7561,4.5022,4.3202,4.4627,4.6366,4.5169,5.4643,4.4941,4.4767,5.2939,5.5562
"GSK2578215A",4.3669,4.1343,4.9952,4.8037,4.9468,4.8689,4.6843,4.5507,4.7927,5.3956,4.7471,5.069,5.0931,4.0436,5.1988,5.0288,5.3767,5.0395,4.726,5.0688,4.4774,5.1777,5.6692,5.3394,5.216,5.4694,5.0005,4.9397,5.2632,4.3503,5.2439,5.1749,5.3199,4.4649,5.2706,5.255,5.4788,4.8889,4.7994,4.7837,4.5972,4.9754,4.9051,4.7182,4.6792,4.6311,4.5022,4.8624,4.5198,4.9361,4.406,4.705,4.9296,5.2741
"PFI3",4.3709,4.4181,4.9739,5.1487,5.0582,4.7737,5.228,4.7056,4.3788,5.4787,4.676,5.3332,5.2703,4.1592,5.3371,5.1291,5.4376,4.8335,5.0591,5.3131,4.4897,4.9861,5.5306,5.5948,5.128,5.5597,5.0152,5.0067,5.2406,4.5297,5.2267,5.171,5.4041,4.8311,4.8911,5.2053,5.3201,4.9103,4.5589,4.6399,4.4208,4.9672,5.0575,4.7474,4.7826,4.7318,4.5889,4.8396,4.7276,5.0444,4.6583,4.9634,4.8027,5.2809
"Ibrutinib",4.4679,4.5,4.8131,5.0626,3.9928,2.3492,4.6255,2.3907,5.1041,5.5395,3.9809,5.4165,3.849,2.1098,2.0996,4.8261,3.7868,4.4317,4.4278,4.2966,4.1878,4.9686,4.5715,4.5493,4.6316,3.1446,4.4225,3.8958,4.1973,4.2249,4.0809,4.9435,3.7843,3.7261,4.3186,4.6603,3.0602,5.1298,5.1047,4.4958,4.7463,4.6001,5.2028,5.032,5.0242,4.706,4.0526,4.0592,3.6975,5.4361,3.6424,2.8844,4.7488,4.6927
"LJI308",4.5252,4.4183,5.16,4.8581,4.7822,4.9445,5.0324,4.6075,4.7545,5.634,4.5525,5.3481,5.3123,3.9051,5.5362,5.0394,5.5677,5.1444,4.8847,5.5389,4.3515,6.0126,5.8012,5.6353,5.5252,5.7077,5.2897,5.3807,5.4444,4.7798,5.4185,5.413,5.3246,4.7576,5.0438,5.4638,5.661,5.2753,5.0199,4.6448,4.6963,5.2662,5.3336,5.1666,5.221,5.1299,4.5504,4.7048,4.5893,5.1884,4.4803,4.7312,5.0412,5.4413
"LY2109761",4.5461,4.8426,5.3799,4.9162,4.9675,4.9385,5.015,4.6289,4.5567,5.8139,4.5252,5.4183,4.9101,3.9469,5.6423,5.0514,5.5541,4.9554,4.9337,5.2181,4.6279,5.2829,5.1466,5.2468,5.1667,5.342,5.4358,5.3504,5.0123,4.8182,5.3975,5.3354,5.3317,4.8595,5.1236,5.5376,5.5022,5.1086,4.978,4.9973,4.8533,5.4771,5.42,5.2343,5.1544,4.9945,4.6533,4.9754,4.4421,5.3254,4.7443,4.7557,5.3036,5.4191
"CZC24832",4.5488,4.6006,4.9846,5.2851,5.0488,5.2927,5.3579,4.8769,4.5946,5.6136,4.4012,5.5232,5.2697,4.3197,5.3271,5.3499,5.5528,4.8732,5.0125,5.0726,4.332,5.3037,5.4611,5.1904,5.2106,5.6493,5.0777,5.006,5.1865,5.1858,5.5854,5.3441,5.2827,4.8694,4.7803,5.1945,5.4881,5.3669,4.9143,4.7459,4.6191,5.0211,5.1952,4.691,4.8183,4.8995,4.9561,4.8283,4.8471,4.9345,4.5028,5.2074,5.3578,5.4262
"AZD1208",4.5571,4.467,4.9672,5.048,4.9219,4.6802,5.2376,4.7517,4.3847,5.6781,4.424,5.3946,5.1724,3.8046,5.4479,5.0746,5.4242,4.914,5.0169,5.5136,4.432,5.1992,5.5584,5.8055,5.515,5.7386,5.1453,5.1489,5.255,4.7025,5.3484,5.4287,5.495,4.7573,5.001,5.3279,5.4892,4.9066,4.6823,4.9987,4.725,4.8699,5.1492,4.8047,4.9246,4.7124,4.6294,5.0128,4.6978,5.1361,4.7405,4.8851,4.6963,5.3225
"Cyclophosphamide",4.5959,4.6398,5.5228,5.2884,4.959,4.8116,5.1508,4.6529,4.8293,5.7729,4.4555,5.1114,5.2324,4.3395,5.5547,4.89,5.6249,5.244,5.0812,4.992,4.6825,5.4654,5.4771,5.5522,5.2711,5.4017,5.2853,4.9509,4.9965,5.1007,5.2764,5.3272,5.5828,4.8796,5.0102,5.6114,5.3206,5.2332,4.8191,5.1659,4.78,5.0107,5.2408,5.14,5.1443,5.2238,4.5785,4.8287,4.8724,5.1391,4.6913,4.9064,4.954,5.2851
"Fludarabine",4.6673,4.6628,5.1022,4.9298,5.1087,5.2911,5.1164,4.3075,4.0389,5.7344,4.365,5.6086,5.0254,1.4146,5.1507,4.4815,5.5536,5.0537,4.9149,5.4021,4.4809,5.198,5.3943,5.3388,5.1819,5.5527,5.0266,5.174,4.6949,4.7289,5.2451,5.2096,5.3646,4.5247,4.1079,5.5331,5.492,4.74,4.3563,4.9503,4.5368,4.6659,5.1233,4.902,4.4232,4.6129,4.6228,3.8543,4.5004,4.1537,3.0631,4.6826,4.8057,5.2607
"EPZ5676",4.8369,5.0882,5.5082,5.2576,5.1099,5.0874,5.5183,5.1345,5.0659,5.9447,4.6886,5.7936,5.8471,4.5635,6.2187,5.5122,6.0861,5.2377,5.2822,5.5446,4.8176,5.9553,5.9787,5.7379,5.5286,6.1574,5.5285,5.4239,5.4572,5.4804,5.7876,5.704,5.9993,5.1648,5.5389,5.7322,6.0794,5.7275,5.1334,5.3936,5.1987,5.5549,5.5884,5.5135,5.3494,5.2185,4.697,5.0406,4.8038,5.0964,4.6551,5.2078,5.2965,5.8253
"Acetalax",4.8949,4.5431,3.3253,5.6956,1.7804,1.8854,5.5342,3.2248,3.2999,3.7264,4.7468,4.0972,4.8346,3.0924,4.932,3.1271,2.0099,2.1276,4.7559,3.8027,2.9244,4.9654,4.518,4.5238,5.1392,4.2544,5.0494,5.4166,3.3335,4.2173,4.8364,5.5504,5.2795,4.1859,4.4228,4.8814,3.8241,5.6217,2.7807,2.9438,4.112,3.2024,5.2853,4.6971,5.5579,4.8078,3.6342,2.8439,3.2193,3.5731,4.5263,2.9613,0.7145,3.8796
"Temozolomide",4.9565,4.9373,6.0878,5.7602,5.5032,5.6099,5.9135,5.2443,5.2232,6.4931,4.9048,5.7812,6.6056,4.7926,6.4435,5.4422,6.7832,6.0489,5.9271,6.5263,5.2045,6.4623,6.6715,6.629,6.6013,6.4375,6.1344,6.4043,6.0124,5.8982,6.4017,6.1517,6.776,5.5277,6.5103,6.3098,6.5801,5.6879,5.2455,5.6034,5.2252,5.9063,5.4845,5.5748,5.796,5.5922,5.1103,5.4184,5.4658,5.8133,5.2513,5.6524,5.7507,6.0923
"Sapitinib",4.9628,4.6751,4.3282,5.0856,3.9539,3.8188,4.4061,4.0675,5.1353,5.0415,4.1147,4.9207,2.4346,3.3799,1.4254,4.6395,1.617,3.5405,3.23,3.6489,4.1209,4.3242,3.6614,3.4635,3.6618,1.7995,3.0664,2.7508,3.2008,4.3963,3.0525,4.3707,2.2561,2.0864,4.0415,2.8323,1.7461,5.1953,4.7929,4.3762,4.1861,4.376,4.9162,4.7233,4.6028,4.9692,4.1083,3.8423,3.7197,4.9008,3.1404,2.0382,4.4893,4.4159
"Carmustine",5.1124,5.4579,6.1305,6.1609,5.9965,5.7645,6.3202,5.4282,4.7651,6.7422,5.1266,6.3427,6.2454,4.8566,6.6169,5.7412,6.8526,5.8666,6.1349,6.4241,5.2082,6.094,6.7358,6.6512,6.514,6.8576,6.1933,6.2706,6.3401,5.7567,6.9161,6.573,6.5585,6.011,5.8312,6.52,6.8532,5.9367,5.3445,5.7479,5.3063,5.4826,5.9575,5.3653,5.5692,5.9198,5.7643,5.5184,6.0002,5.7885,5.7436,6.1106,5.8696,6.2972
"Nelarabine",5.2105,5.3686,5.6381,5.7554,5.7476,5.5379,5.9049,5.2276,5.0942,6.5774,4.9613,6.0434,5.5997,4.6445,5.8529,5.7208,5.8567,5.5795,5.582,5.8767,5.3923,5.6874,5.8142,6.0675,5.7917,6.0125,5.8114,5.8106,5.2145,5.3228,5.9377,5.7033,5.7363,5.3886,5.1144,5.8265,6.179,5.4641,5.1767,5.5189,5.278,5.3449,5.8411,5.5577,5.2565,5.5013,5.2232,5.1307,5.251,5.5459,4.9938,5.3703,5.3245,5.7314
